CustomerID,Customer Type
12346,Wholesale
12347,Wholesale
12348,Wholesale
12349,Wholesale
12350,Retail
12352,Wholesale
12353,Retail
12354,Retail
12355,Retail
12356,Wholesale
12357,Wholesale
12358,Wholesale
12359,Wholesale
12360,Wholesale
12361,Retail
12362,Wholesale
12363,Wholesale
12364,Wholesale
12365,Retail
12367,Retail
12370,Wholesale
12371,Retail
12372,Wholesale
12373,Retail
12374,Retail
12375,Wholesale
12377,Wholesale
12378,Wholesale
12379,Wholesale
12380,Wholesale
12381,Wholesale
12383,Wholesale
12384,Wholesale
12386,Wholesale
12388,Wholesale
12390,Retail
12391,Retail
12393,Wholesale
12394,Wholesale
12395,Wholesale
12397,Wholesale
12398,Wholesale
12399,Wholesale
12401,Retail
12402,Retail
12403,Retail
12405,Retail
12406,Wholesale
12407,Wholesale
12408,Wholesale
12409,Wholesale
12410,Wholesale
12412,Wholesale
12413,Wholesale
12414,Wholesale
12415,Wholesale
12417,Wholesale
12418,Retail
12420,Retail
12421,Wholesale
12422,Wholesale
12423,Wholesale
12424,Wholesale
12425,Retail
12426,Retail
12427,Wholesale
12428,Wholesale
12429,Wholesale
12430,Retail
12431,Wholesale
12432,Wholesale
12433,Wholesale
12434,Wholesale
12435,Wholesale
12436,Retail
12437,Wholesale
12438,Wholesale
12441,Retail
12442,Retail
12444,Wholesale
12445,Retail
12446,Retail
12447,Retail
12448,Retail
12449,Wholesale
12450,Wholesale
12451,Wholesale
12452,Retail
12453,Retail
12454,Wholesale
12455,Wholesale
12456,Wholesale
12457,Wholesale
12458,Wholesale
12461,Retail
12462,Wholesale
12463,Wholesale
12464,Wholesale
12465,Wholesale
12468,Wholesale
12471,Wholesale
12472,Wholesale
12473,Wholesale
12474,Wholesale
12475,Retail
12476,Wholesale
12477,Wholesale
12478,Retail
12479,Retail
12480,Wholesale
12481,Wholesale
12483,Wholesale
12484,Wholesale
12488,Wholesale
12489,Retail
12490,Wholesale
12491,Retail
12492,Wholesale
12493,Wholesale
12494,Wholesale
12497,Wholesale
12498,Wholesale
12500,Wholesale
12501,Wholesale
12502,Wholesale
12504,Wholesale
12506,Retail
12507,Wholesale
12508,Wholesale
12509,Retail
12510,Wholesale
12512,Wholesale
12513,Retail
12514,Retail
12515,Retail
12516,Wholesale
12517,Wholesale
12518,Wholesale
12519,Retail
12520,Wholesale
12521,Retail
12522,Wholesale
12523,Wholesale
12524,Wholesale
12526,Wholesale
12527,Wholesale
12528,Wholesale
12530,Wholesale
12531,Retail
12532,Retail
12534,Retail
12535,Wholesale
12536,Wholesale
12538,Retail
12539,Wholesale
12540,Wholesale
12541,Wholesale
12544,Retail
12545,Wholesale
12546,Wholesale
12547,Wholesale
12548,Retail
12550,Retail
12551,Retail
12552,Retail
12553,Wholesale
12556,Wholesale
12557,Wholesale
12558,Retail
12559,Wholesale
12560,Wholesale
12561,Retail
12562,Wholesale
12564,Retail
12565,Retail
12566,Retail
12567,Wholesale
12569,Wholesale
12571,Wholesale
12572,Wholesale
12573,Retail
12574,Retail
12576,Wholesale
12577,Wholesale
12578,Wholesale
12579,Retail
12580,Retail
12581,Retail
12582,Wholesale
12583,Wholesale
12584,Wholesale
12585,Wholesale
12586,Retail
12587,Retail
12588,Retail
12589,Wholesale
12590,Wholesale
12591,Retail
12592,Wholesale
12593,Wholesale
12594,Wholesale
12596,Wholesale
12597,Wholesale
12598,Wholesale
12599,Wholesale
12600,Wholesale
12601,Wholesale
12602,Retail
12603,Wholesale
12604,Wholesale
12607,Wholesale
12609,Wholesale
12610,Wholesale
12611,Wholesale
12612,Retail
12613,Wholesale
12614,Retail
12615,Wholesale
12616,Wholesale
12617,Retail
12618,Retail
12619,Wholesale
12620,Wholesale
12621,Wholesale
12622,Retail
12623,Retail
12624,Wholesale
12625,Wholesale
12626,Wholesale
12627,Wholesale
12628,Wholesale
12630,Wholesale
12631,Retail
12633,Wholesale
12635,Wholesale
12637,Wholesale
12638,Retail
12639,Retail
12640,Wholesale
12641,Retail
12642,Wholesale
12643,Wholesale
12644,Retail
12645,Wholesale
12646,Wholesale
12647,Wholesale
12648,Retail
12649,Wholesale
12650,Retail
12651,Retail
12652,Retail
12653,Wholesale
12654,Wholesale
12656,Wholesale
12657,Wholesale
12658,Retail
12659,Retail
12660,Retail
12662,Wholesale
12664,Wholesale
12665,Retail
12667,Retail
12668,Wholesale
12669,Wholesale
12670,Wholesale
12672,Retail
12673,Wholesale
12674,Wholesale
12676,Wholesale
12678,Wholesale
12679,Wholesale
12680,Wholesale
12681,Wholesale
12682,Wholesale
12683,Wholesale
12684,Wholesale
12685,Wholesale
12686,Retail
12688,Wholesale
12689,Wholesale
12690,Retail
12691,Wholesale
12693,Wholesale
12694,Wholesale
12695,Wholesale
12697,Wholesale
12700,Wholesale
12701,Wholesale
12702,Retail
12703,Retail
12704,Wholesale
12705,Wholesale
12707,Retail
12708,Wholesale
12709,Wholesale
12710,Wholesale
12712,Wholesale
12713,Retail
12714,Wholesale
12715,Retail
12716,Wholesale
12717,Wholesale
12718,Retail
12719,Wholesale
12720,Wholesale
12721,Wholesale
12722,Wholesale
12723,Wholesale
12724,Wholesale
12725,Retail
12726,Wholesale
12727,Wholesale
12728,Wholesale
12729,Retail
12731,Wholesale
12732,Retail
12733,Retail
12734,Retail
12735,Wholesale
12736,Retail
12738,Retail
12739,Retail
12740,Retail
12743,Wholesale
12744,Wholesale
12747,Wholesale
12748,Wholesale
12749,Wholesale
12750,Retail
12752,Wholesale
12753,Wholesale
12754,Wholesale
12755,Wholesale
12756,Retail
12757,Wholesale
12758,Wholesale
12759,Wholesale
12762,Wholesale
12763,Wholesale
12764,Retail
12766,Wholesale
12769,Retail
12770,Wholesale
12772,Retail
12775,Wholesale
12778,Wholesale
12779,Wholesale
12781,Wholesale
12782,Wholesale
12783,Wholesale
12784,Retail
12785,Retail
12787,Wholesale
12789,Retail
12790,Retail
12791,Wholesale
12792,Retail
12793,Wholesale
12794,Wholesale
12795,Retail
12797,Retail
12798,Wholesale
12802,Retail
12808,Wholesale
12809,Retail
12811,Wholesale
12812,Retail
12814,Retail
12815,Wholesale
12816,Wholesale
12817,Retail
12818,Wholesale
12820,Wholesale
12821,Retail
12822,Wholesale
12823,Wholesale
12824,Retail
12826,Wholesale
12827,Wholesale
12828,Wholesale
12829,Wholesale
12830,Wholesale
12831,Retail
12832,Wholesale
12833,Retail
12834,Retail
12836,Wholesale
12837,Retail
12838,Wholesale
12839,Wholesale
12840,Wholesale
12841,Wholesale
12842,Wholesale
12843,Wholesale
12844,Wholesale
12845,Wholesale
12847,Wholesale
12849,Wholesale
12851,Retail
12852,Retail
12853,Wholesale
12854,Wholesale
12855,Retail
12856,Wholesale
12857,Wholesale
12863,Wholesale
12864,Retail
12865,Wholesale
12866,Retail
12867,Wholesale
12868,Wholesale
12871,Wholesale
12872,Wholesale
12873,Retail
12875,Wholesale
12876,Wholesale
12877,Wholesale
12878,Wholesale
12879,Wholesale
12881,Retail
12882,Wholesale
12883,Wholesale
12884,Retail
12885,Wholesale
12886,Wholesale
12888,Wholesale
12890,Retail
12891,Wholesale
12893,Retail
12895,Wholesale
12897,Wholesale
12901,Wholesale
12902,Retail
12904,Wholesale
12906,Wholesale
12908,Wholesale
12909,Wholesale
12910,Wholesale
12912,Wholesale
12913,Wholesale
12915,Wholesale
12916,Wholesale
12917,Wholesale
12919,Wholesale
12920,Retail
12921,Wholesale
12922,Retail
12923,Retail
12924,Wholesale
12925,Wholesale
12928,Wholesale
12929,Retail
12930,Wholesale
12931,Wholesale
12933,Wholesale
12935,Wholesale
12936,Wholesale
12937,Wholesale
12938,Retail
12939,Wholesale
12940,Wholesale
12942,Wholesale
12944,Wholesale
12945,Retail
12947,Wholesale
12948,Wholesale
12949,Wholesale
12950,Wholesale
12951,Wholesale
12952,Wholesale
12953,Retail
12955,Wholesale
12956,Retail
12957,Wholesale
12962,Wholesale
12963,Wholesale
12965,Retail
12966,Retail
12967,Wholesale
12968,Retail
12970,Wholesale
12971,Wholesale
12974,Retail
12976,Retail
12977,Retail
12980,Wholesale
12981,Wholesale
12982,Retail
12984,Retail
12985,Wholesale
12987,Wholesale
12988,Retail
12989,Wholesale
12990,Wholesale
12991,Wholesale
12993,Wholesale
12994,Wholesale
12995,Retail
12997,Wholesale
12999,Wholesale
13000,Wholesale
13001,Wholesale
13002,Retail
13003,Wholesale
13004,Wholesale
13005,Wholesale
13006,Retail
13008,Retail
13011,Retail
13012,Wholesale
13013,Wholesale
13014,Wholesale
13015,Wholesale
13016,Wholesale
13017,Wholesale
13018,Wholesale
13021,Wholesale
13023,Wholesale
13026,Wholesale
13027,Wholesale
13028,Wholesale
13029,Wholesale
13030,Wholesale
13032,Wholesale
13033,Retail
13034,Wholesale
13035,Wholesale
13037,Wholesale
13038,Wholesale
13040,Wholesale
13043,Retail
13044,Retail
13045,Retail
13046,Wholesale
13047,Wholesale
13048,Wholesale
13049,Wholesale
13050,Wholesale
13052,Retail
13055,Wholesale
13058,Wholesale
13059,Retail
13060,Retail
13061,Retail
13062,Retail
13064,Wholesale
13065,Retail
13066,Wholesale
13067,Retail
13068,Wholesale
13069,Wholesale
13070,Retail
13072,Retail
13075,Retail
13077,Wholesale
13078,Wholesale
13079,Wholesale
13080,Retail
13081,Wholesale
13082,Wholesale
13083,Wholesale
13085,Wholesale
13089,Wholesale
13090,Wholesale
13091,Retail
13092,Wholesale
13093,Wholesale
13094,Wholesale
13095,Retail
13097,Wholesale
13098,Wholesale
13099,Wholesale
13101,Retail
13102,Wholesale
13103,Retail
13104,Wholesale
13106,Retail
13107,Wholesale
13108,Retail
13109,Wholesale
13110,Wholesale
13113,Wholesale
13115,Wholesale
13116,Retail
13117,Wholesale
13118,Wholesale
13120,Retail
13121,Retail
13122,Wholesale
13124,Wholesale
13126,Wholesale
13127,Retail
13130,Retail
13131,Wholesale
13132,Retail
13133,Wholesale
13134,Wholesale
13135,Wholesale
13136,Wholesale
13137,Wholesale
13138,Wholesale
13139,Wholesale
13140,Wholesale
13141,Wholesale
13142,Retail
13144,Retail
13145,Wholesale
13146,Retail
13147,Wholesale
13148,Wholesale
13149,Wholesale
13151,Wholesale
13153,Retail
13155,Wholesale
13157,Wholesale
13158,Wholesale
13159,Wholesale
13160,Retail
13161,Retail
13162,Wholesale
13165,Wholesale
13166,Retail
13167,Wholesale
13168,Wholesale
13169,Wholesale
13170,Retail
13171,Wholesale
13173,Wholesale
13174,Wholesale
13176,Retail
13177,Retail
13178,Wholesale
13182,Retail
13183,Wholesale
13184,Wholesale
13185,Retail
13186,Wholesale
13187,Retail
13188,Retail
13189,Wholesale
13192,Wholesale
13193,Retail
13194,Retail
13196,Wholesale
13198,Wholesale
13199,Wholesale
13200,Wholesale
13203,Wholesale
13207,Wholesale
13208,Wholesale
13209,Wholesale
13210,Retail
13211,Wholesale
13212,Wholesale
13213,Wholesale
13216,Retail
13217,Wholesale
13218,Retail
13220,Wholesale
13221,Wholesale
13223,Wholesale
13224,Wholesale
13225,Wholesale
13226,Retail
13227,Retail
13228,Wholesale
13229,Retail
13230,Wholesale
13232,Wholesale
13233,Wholesale
13235,Retail
13236,Wholesale
13238,Wholesale
13239,Retail
13240,Wholesale
13242,Wholesale
13243,Retail
13244,Retail
13245,Retail
13246,Wholesale
13247,Wholesale
13248,Wholesale
13249,Wholesale
13253,Wholesale
13255,Wholesale
13256,Wholesale
13258,Wholesale
13259,Retail
13260,Retail
13261,Wholesale
13262,Retail
13263,Wholesale
13265,Wholesale
13266,Wholesale
13267,Wholesale
13268,Wholesale
13269,Wholesale
13270,Wholesale
13271,Retail
13272,Wholesale
13273,Retail
13276,Wholesale
13277,Wholesale
13278,Retail
13279,Retail
13280,Wholesale
13282,Wholesale
13283,Wholesale
13284,Retail
13285,Wholesale
13291,Retail
13292,Wholesale
13294,Wholesale
13295,Retail
13296,Retail
13297,Wholesale
13298,Wholesale
13299,Retail
13300,Retail
13301,Wholesale
13302,Retail
13304,Retail
13305,Wholesale
13307,Retail
13308,Wholesale
13309,Wholesale
13310,Wholesale
13311,Wholesale
13313,Wholesale
13314,Wholesale
13316,Wholesale
13317,Wholesale
13318,Wholesale
13319,Wholesale
13320,Wholesale
13321,Wholesale
13322,Retail
13323,Wholesale
13324,Wholesale
13325,Retail
13327,Wholesale
13328,Wholesale
13329,Wholesale
13330,Wholesale
13332,Retail
13334,Wholesale
13336,Retail
13338,Retail
13339,Retail
13340,Wholesale
13341,Retail
13343,Retail
13344,Wholesale
13345,Retail
13347,Retail
13348,Retail
13349,Retail
13350,Wholesale
13351,Retail
13352,Retail
13354,Retail
13355,Retail
13356,Retail
13357,Retail
13358,Retail
13359,Retail
13362,Wholesale
13363,Wholesale
13364,Retail
13365,Wholesale
13366,Retail
13368,Wholesale
13369,Retail
13370,Retail
13372,Retail
13373,Wholesale
13375,Retail
13376,Wholesale
13379,Wholesale
13381,Wholesale
13382,Retail
13384,Wholesale
13385,Retail
13388,Wholesale
13389,Wholesale
13390,Retail
13391,Retail
13394,Wholesale
13395,Retail
13396,Wholesale
13397,Wholesale
13398,Retail
13402,Wholesale
13403,Retail
13404,Wholesale
13405,Wholesale
13408,Wholesale
13410,Wholesale
13411,Retail
13414,Wholesale
13416,Wholesale
13417,Wholesale
13418,Wholesale
13419,Retail
13420,Wholesale
13421,Wholesale
13422,Wholesale
13425,Wholesale
13426,Wholesale
13427,Wholesale
13428,Retail
13429,Wholesale
13430,Wholesale
13431,Wholesale
13434,Wholesale
13435,Wholesale
13436,Retail
13437,Wholesale
13439,Retail
13441,Retail
13447,Wholesale
13448,Wholesale
13449,Retail
13450,Wholesale
13451,Wholesale
13452,Wholesale
13453,Wholesale
13455,Wholesale
13456,Wholesale
13458,Wholesale
13460,Wholesale
13461,Wholesale
13462,Retail
13464,Retail
13466,Retail
13467,Wholesale
13468,Wholesale
13470,Wholesale
13471,Wholesale
13473,Wholesale
13474,Retail
13475,Wholesale
13476,Wholesale
13477,Wholesale
13479,Wholesale
13481,Wholesale
13482,Retail
13483,Retail
13484,Retail
13485,Retail
13486,Wholesale
13487,Wholesale
13488,Wholesale
13489,Wholesale
13491,Wholesale
13492,Wholesale
13493,Wholesale
13494,Retail
13495,Wholesale
13496,Wholesale
13497,Wholesale
13499,Wholesale
13500,Wholesale
13501,Retail
13502,Wholesale
13503,Retail
13504,Retail
13505,Wholesale
13506,Wholesale
13507,Wholesale
13508,Retail
13509,Wholesale
13510,Wholesale
13512,Retail
13513,Retail
13514,Retail
13515,Wholesale
13516,Wholesale
13517,Wholesale
13518,Retail
13519,Retail
13520,Wholesale
13521,Wholesale
13522,Retail
13523,Wholesale
13524,Wholesale
13525,Wholesale
13527,Wholesale
13529,Wholesale
13531,Wholesale
13532,Retail
13533,Wholesale
13534,Wholesale
13536,Wholesale
13538,Wholesale
13539,Wholesale
13544,Wholesale
13546,Wholesale
13548,Wholesale
13549,Wholesale
13551,Retail
13552,Wholesale
13555,Wholesale
13557,Wholesale
13558,Wholesale
13560,Retail
13561,Retail
13562,Wholesale
13563,Wholesale
13564,Wholesale
13565,Wholesale
13566,Wholesale
13568,Retail
13569,Wholesale
13570,Retail
13571,Wholesale
13572,Wholesale
13573,Wholesale
13575,Wholesale
13576,Wholesale
13577,Wholesale
13579,Wholesale
13581,Retail
13583,Retail
13584,Retail
13587,Retail
13588,Wholesale
13589,Wholesale
13590,Wholesale
13591,Wholesale
13592,Wholesale
13593,Wholesale
13594,Retail
13596,Wholesale
13598,Retail
13599,Wholesale
13600,Retail
13601,Wholesale
13602,Retail
13603,Retail
13606,Wholesale
13607,Retail
13610,Wholesale
13611,Wholesale
13614,Wholesale
13615,Retail
13617,Wholesale
13618,Retail
13621,Retail
13623,Wholesale
13626,Retail
13627,Wholesale
13629,Wholesale
13630,Wholesale
13631,Wholesale
13632,Wholesale
13634,Wholesale
13635,Wholesale
13636,Wholesale
13637,Wholesale
13638,Retail
13639,Retail
13642,Retail
13643,Wholesale
13644,Wholesale
13645,Retail
13647,Wholesale
13649,Wholesale
13650,Wholesale
13651,Retail
13652,Wholesale
13654,Wholesale
13655,Wholesale
13656,Wholesale
13657,Wholesale
13658,Wholesale
13659,Wholesale
13662,Wholesale
13663,Retail
13666,Wholesale
13667,Retail
13668,Wholesale
13669,Wholesale
13670,Retail
13672,Wholesale
13673,Wholesale
13675,Wholesale
13678,Retail
13680,Wholesale
13681,Wholesale
13682,Retail
13684,Retail
13685,Wholesale
13686,Retail
13689,Wholesale
13690,Retail
13692,Wholesale
13694,Wholesale
13695,Wholesale
13697,Retail
13699,Retail
13700,Wholesale
13703,Retail
13704,Wholesale
13705,Wholesale
13706,Retail
13707,Wholesale
13708,Retail
13709,Wholesale
13710,Retail
13711,Wholesale
13712,Retail
13715,Wholesale
13716,Retail
13717,Wholesale
13718,Wholesale
13719,Wholesale
13720,Wholesale
13721,Retail
13722,Wholesale
13723,Retail
13725,Wholesale
13726,Wholesale
13727,Wholesale
13728,Wholesale
13730,Wholesale
13731,Wholesale
13732,Retail
13735,Wholesale
13736,Wholesale
13737,Retail
13739,Retail
13740,Retail
13741,Wholesale
13742,Wholesale
13743,Wholesale
13744,Wholesale
13745,Retail
13747,Retail
13748,Wholesale
13750,Wholesale
13751,Retail
13752,Wholesale
13753,Retail
13754,Wholesale
13755,Wholesale
13756,Wholesale
13758,Wholesale
13759,Wholesale
13760,Wholesale
13761,Wholesale
13762,Retail
13763,Wholesale
13764,Wholesale
13767,Wholesale
13769,Wholesale
13771,Wholesale
13772,Wholesale
13774,Retail
13777,Wholesale
13778,Retail
13780,Wholesale
13781,Retail
13782,Wholesale
13784,Wholesale
13786,Retail
13787,Wholesale
13790,Retail
13791,Wholesale
13792,Wholesale
13798,Wholesale
13799,Wholesale
13800,Retail
13801,Retail
13802,Wholesale
13803,Retail
13804,Wholesale
13805,Wholesale
13806,Retail
13807,Retail
13808,Wholesale
13809,Retail
13810,Wholesale
13811,Wholesale
13812,Wholesale
13813,Wholesale
13814,Wholesale
13815,Wholesale
13816,Wholesale
13817,Wholesale
13819,Wholesale
13821,Wholesale
13822,Wholesale
13823,Wholesale
13824,Wholesale
13826,Retail
13827,Wholesale
13828,Retail
13831,Wholesale
13832,Retail
13833,Retail
13835,Wholesale
13837,Wholesale
13838,Wholesale
13841,Retail
13842,Wholesale
13844,Retail
13845,Retail
13846,Wholesale
13848,Wholesale
13849,Wholesale
13850,Wholesale
13851,Wholesale
13853,Retail
13854,Wholesale
13856,Wholesale
13858,Retail
13859,Retail
13860,Wholesale
13862,Wholesale
13863,Retail
13865,Wholesale
13866,Retail
13867,Wholesale
13868,Wholesale
13869,Wholesale
13870,Wholesale
13871,Wholesale
13873,Wholesale
13874,Retail
13875,Wholesale
13876,Retail
13877,Retail
13878,Retail
13880,Wholesale
13881,Wholesale
13882,Wholesale
13883,Wholesale
13884,Wholesale
13885,Wholesale
13886,Retail
13887,Retail
13888,Wholesale
13889,Retail
13890,Wholesale
13892,Wholesale
13893,Retail
13894,Wholesale
13895,Wholesale
13897,Retail
13898,Retail
13899,Wholesale
13900,Wholesale
13901,Wholesale
13904,Wholesale
13908,Wholesale
13911,Wholesale
13914,Wholesale
13917,Wholesale
13918,Wholesale
13919,Wholesale
13922,Retail
13923,Retail
13924,Wholesale
13925,Wholesale
13926,Retail
13927,Retail
13928,Wholesale
13929,Wholesale
13930,Wholesale
13931,Wholesale
13932,Retail
13933,Wholesale
13934,Retail
13936,Retail
13937,Retail
13938,Retail
13939,Wholesale
13940,Wholesale
13941,Wholesale
13946,Wholesale
13947,Retail
13948,Retail
13949,Wholesale
13950,Wholesale
13951,Wholesale
13952,Wholesale
13953,Wholesale
13954,Wholesale
13955,Wholesale
13956,Wholesale
13959,Wholesale
13960,Wholesale
13962,Wholesale
13963,Wholesale
13967,Retail
13969,Wholesale
13971,Wholesale
13972,Wholesale
13973,Retail
13974,Retail
13975,Wholesale
13976,Retail
13978,Wholesale
13979,Retail
13980,Retail
13982,Wholesale
13983,Wholesale
13984,Wholesale
13985,Wholesale
13986,Retail
13988,Wholesale
13989,Wholesale
13990,Retail
13991,Wholesale
13992,Retail
13993,Wholesale
13994,Wholesale
13995,Wholesale
13999,Wholesale
14000,Retail
14001,Wholesale
14002,Wholesale
14004,Wholesale
14005,Wholesale
14006,Wholesale
14009,Wholesale
14012,Retail
14013,Wholesale
14014,Retail
14015,Retail
14016,Wholesale
14019,Wholesale
14020,Wholesale
14021,Wholesale
14022,Retail
14023,Wholesale
14024,Wholesale
14027,Retail
14029,Wholesale
14030,Wholesale
14031,Wholesale
14032,Wholesale
14034,Wholesale
14035,Wholesale
14036,Retail
14037,Wholesale
14038,Wholesale
14039,Retail
14040,Wholesale
14041,Retail
14044,Wholesale
14045,Wholesale
14046,Retail
14047,Wholesale
14048,Retail
14049,Wholesale
14050,Wholesale
14051,Wholesale
14052,Retail
14053,Wholesale
14054,Retail
14055,Retail
14056,Wholesale
14057,Wholesale
14059,Retail
14060,Wholesale
14062,Wholesale
14064,Wholesale
14066,Retail
14067,Wholesale
14068,Retail
14071,Wholesale
14073,Retail
14075,Wholesale
14076,Retail
14077,Wholesale
14078,Wholesale
14079,Retail
14080,Retail
14081,Wholesale
14082,Retail
14083,Wholesale
14085,Wholesale
14087,Retail
14088,Wholesale
14089,Retail
14090,Retail
14092,Wholesale
14093,Retail
14096,Wholesale
14098,Retail
14099,Wholesale
14100,Retail
14101,Wholesale
14102,Wholesale
14104,Wholesale
14105,Wholesale
14107,Wholesale
14108,Wholesale
14109,Retail
14110,Wholesale
14111,Wholesale
14112,Wholesale
14113,Wholesale
14114,Wholesale
14116,Wholesale
14117,Retail
14121,Wholesale
14124,Wholesale
14125,Wholesale
14126,Wholesale
14127,Wholesale
14128,Wholesale
14129,Wholesale
14130,Retail
14132,Wholesale
14133,Wholesale
14135,Wholesale
14138,Wholesale
14139,Retail
14140,Wholesale
14141,Wholesale
14142,Retail
14143,Retail
14145,Wholesale
14146,Wholesale
14147,Wholesale
14148,Retail
14149,Retail
14150,Wholesale
14152,Wholesale
14154,Wholesale
14155,Retail
14156,Wholesale
14157,Wholesale
14158,Retail
14159,Wholesale
14161,Wholesale
14162,Wholesale
14163,Wholesale
14164,Wholesale
14165,Retail
14167,Wholesale
14171,Retail
14173,Wholesale
14174,Retail
14175,Wholesale
14176,Wholesale
14177,Wholesale
14178,Wholesale
14179,Wholesale
14180,Wholesale
14184,Retail
14185,Retail
14188,Wholesale
14189,Wholesale
14191,Wholesale
14193,Wholesale
14194,Wholesale
14195,Wholesale
14196,Retail
14198,Wholesale
14199,Retail
14201,Wholesale
14204,Retail
14205,Wholesale
14206,Retail
14208,Retail
14209,Wholesale
14210,Wholesale
14211,Wholesale
14212,Wholesale
14214,Wholesale
14215,Wholesale
14216,Wholesale
14217,Wholesale
14218,Retail
14219,Retail
14220,Wholesale
14221,Wholesale
14222,Retail
14223,Wholesale
14224,Wholesale
14226,Wholesale
14227,Wholesale
14229,Wholesale
14231,Wholesale
14232,Wholesale
14233,Wholesale
14234,Wholesale
14235,Wholesale
14236,Wholesale
14237,Retail
14238,Retail
14239,Wholesale
14240,Wholesale
14241,Retail
14242,Wholesale
14243,Wholesale
14245,Wholesale
14246,Wholesale
14247,Retail
14248,Retail
14250,Wholesale
14251,Wholesale
14256,Wholesale
14257,Wholesale
14258,Wholesale
14259,Retail
14261,Wholesale
14262,Wholesale
14264,Wholesale
14265,Wholesale
14267,Wholesale
14270,Retail
14271,Retail
14272,Wholesale
14273,Wholesale
14276,Wholesale
14277,Wholesale
14280,Retail
14282,Wholesale
14284,Wholesale
14285,Wholesale
14286,Wholesale
14287,Wholesale
14288,Retail
14289,Wholesale
14290,Wholesale
14291,Wholesale
14292,Wholesale
14293,Wholesale
14295,Retail
14297,Wholesale
14298,Wholesale
14299,Wholesale
14300,Retail
14301,Retail
14304,Retail
14305,Wholesale
14306,Wholesale
14307,Wholesale
14309,Wholesale
14311,Retail
14312,Wholesale
14314,Retail
14315,Wholesale
14317,Retail
14320,Wholesale
14321,Wholesale
14323,Wholesale
14326,Retail
14327,Retail
14329,Wholesale
14331,Wholesale
14332,Wholesale
14333,Retail
14334,Wholesale
14335,Wholesale
14336,Wholesale
14338,Wholesale
14339,Retail
14340,Retail
14341,Wholesale
14342,Wholesale
14344,Wholesale
14345,Retail
14346,Wholesale
14348,Retail
14349,Retail
14350,Retail
14351,Retail
14352,Wholesale
14353,Retail
14354,Wholesale
14355,Retail
14356,Wholesale
14357,Retail
14359,Wholesale
14360,Wholesale
14362,Retail
14364,Wholesale
14367,Wholesale
14368,Retail
14371,Retail
14373,Retail
14375,Retail
14377,Wholesale
14379,Wholesale
14381,Retail
14382,Wholesale
14383,Wholesale
14385,Wholesale
14386,Retail
14387,Wholesale
14388,Wholesale
14389,Wholesale
14390,Wholesale
14393,Retail
14395,Wholesale
14396,Wholesale
14397,Wholesale
14400,Retail
14401,Wholesale
14403,Wholesale
14404,Wholesale
14406,Retail
14407,Wholesale
14408,Wholesale
14409,Wholesale
14410,Wholesale
14411,Retail
14412,Wholesale
14413,Retail
14414,Wholesale
14415,Wholesale
14416,Wholesale
14418,Wholesale
14419,Wholesale
14420,Retail
14421,Wholesale
14422,Wholesale
14423,Retail
14424,Wholesale
14426,Wholesale
14427,Wholesale
14428,Wholesale
14431,Retail
14432,Wholesale
14434,Wholesale
14436,Retail
14437,Retail
14438,Retail
14439,Wholesale
14440,Wholesale
14441,Wholesale
14442,Wholesale
14443,Wholesale
14446,Wholesale
14447,Wholesale
14448,Wholesale
14449,Wholesale
14450,Wholesale
14451,Wholesale
14452,Wholesale
14453,Retail
14456,Wholesale
14457,Retail
14459,Wholesale
14460,Wholesale
14461,Wholesale
14462,Wholesale
14463,Wholesale
14465,Wholesale
14466,Wholesale
14467,Wholesale
14470,Wholesale
14472,Wholesale
14473,Wholesale
14474,Retail
14475,Wholesale
14476,Retail
14477,Wholesale
14479,Wholesale
14480,Retail
14481,Wholesale
14482,Wholesale
14483,Retail
14484,Retail
14485,Retail
14487,Wholesale
14488,Retail
14489,Retail
14491,Wholesale
14493,Wholesale
14494,Retail
14495,Wholesale
14496,Wholesale
14497,Retail
14498,Wholesale
14499,Wholesale
14500,Wholesale
14501,Wholesale
14502,Wholesale
14503,Wholesale
14504,Wholesale
14505,Wholesale
14506,Wholesale
14507,Wholesale
14508,Wholesale
14511,Wholesale
14512,Wholesale
14513,Wholesale
14514,Wholesale
14515,Wholesale
14517,Wholesale
14518,Retail
14520,Wholesale
14522,Wholesale
14523,Retail
14524,Wholesale
14525,Wholesale
14527,Wholesale
14528,Retail
14529,Wholesale
14530,Wholesale
14532,Wholesale
14533,Wholesale
14534,Wholesale
14535,Wholesale
14536,Retail
14537,Retail
14538,Wholesale
14539,Wholesale
14540,Wholesale
14541,Wholesale
14542,Retail
14543,Wholesale
14544,Wholesale
14546,Wholesale
14547,Wholesale
14548,Wholesale
14549,Retail
14550,Wholesale
14551,Wholesale
14552,Retail
14553,Wholesale
14554,Wholesale
14555,Wholesale
14557,Retail
14560,Wholesale
14561,Wholesale
14562,Wholesale
14565,Wholesale
14566,Wholesale
14567,Wholesale
14569,Retail
14570,Wholesale
14572,Wholesale
14573,Wholesale
14576,Retail
14577,Wholesale
14578,Retail
14581,Retail
14582,Retail
14583,Wholesale
14584,Wholesale
14585,Retail
14586,Retail
14587,Wholesale
14589,Retail
14591,Wholesale
14592,Wholesale
14593,Wholesale
14594,Wholesale
14595,Wholesale
14597,Wholesale
14598,Retail
14600,Retail
14601,Retail
14603,Wholesale
14606,Wholesale
14607,Wholesale
14608,Wholesale
14609,Wholesale
14616,Wholesale
14618,Wholesale
14619,Retail
14620,Wholesale
14621,Wholesale
14622,Retail
14623,Wholesale
14624,Wholesale
14625,Wholesale
14626,Wholesale
14628,Wholesale
14629,Wholesale
14631,Wholesale
14632,Retail
14633,Retail
14636,Wholesale
14638,Retail
14639,Wholesale
14640,Wholesale
14641,Retail
14642,Retail
14643,Wholesale
14644,Wholesale
14645,Wholesale
14646,Wholesale
14647,Retail
14649,Wholesale
14651,Wholesale
14652,Retail
14653,Wholesale
14655,Wholesale
14656,Wholesale
14657,Wholesale
14658,Wholesale
14659,Wholesale
14660,Wholesale
14661,Retail
14662,Wholesale
14664,Wholesale
14665,Wholesale
14666,Retail
14667,Wholesale
14669,Wholesale
14670,Wholesale
14672,Wholesale
14673,Wholesale
14675,Retail
14676,Wholesale
14680,Wholesale
14681,Wholesale
14682,Wholesale
14684,Wholesale
14687,Retail
14688,Wholesale
14689,Retail
14690,Wholesale
14691,Wholesale
14692,Wholesale
14693,Retail
14696,Wholesale
14697,Wholesale
14698,Wholesale
14699,Retail
14700,Wholesale
14701,Wholesale
14702,Wholesale
14703,Retail
14704,Wholesale
14705,Wholesale
14708,Wholesale
14709,Wholesale
14710,Wholesale
14711,Wholesale
14712,Wholesale
14713,Wholesale
14714,Retail
14715,Wholesale
14716,Wholesale
14719,Wholesale
14720,Wholesale
14722,Retail
14723,Wholesale
14725,Retail
14727,Retail
14729,Retail
14730,Wholesale
14731,Wholesale
14732,Wholesale
14733,Wholesale
14735,Wholesale
14737,Wholesale
14738,Wholesale
14739,Wholesale
14740,Wholesale
14741,Wholesale
14744,Wholesale
14745,Wholesale
14747,Retail
14748,Wholesale
14752,Retail
14753,Retail
14754,Wholesale
14755,Wholesale
14756,Retail
14757,Retail
14758,Wholesale
14759,Wholesale
14760,Retail
14761,Wholesale
14762,Retail
14764,Retail
14765,Wholesale
14766,Wholesale
14768,Wholesale
14769,Wholesale
14770,Wholesale
14772,Retail
14775,Wholesale
14776,Wholesale
14778,Wholesale
14779,Wholesale
14780,Wholesale
14782,Retail
14784,Wholesale
14785,Wholesale
14788,Wholesale
14789,Retail
14790,Wholesale
14792,Retail
14793,Retail
14794,Wholesale
14795,Retail
14796,Wholesale
14798,Wholesale
14799,Retail
14800,Wholesale
14801,Retail
14803,Wholesale
14804,Retail
14805,Wholesale
14806,Retail
14808,Wholesale
14810,Wholesale
14813,Wholesale
14815,Wholesale
14816,Retail
14817,Wholesale
14818,Wholesale
14819,Wholesale
14820,Wholesale
14821,Retail
14823,Wholesale
14824,Wholesale
14825,Wholesale
14828,Wholesale
14829,Wholesale
14830,Retail
14834,Wholesale
14836,Wholesale
14837,Wholesale
14840,Retail
14841,Wholesale
14842,Wholesale
14844,Wholesale
14847,Retail
14849,Wholesale
14850,Retail
14851,Wholesale
14852,Wholesale
14853,Wholesale
14854,Wholesale
14855,Wholesale
14856,Wholesale
14857,Wholesale
14859,Wholesale
14860,Retail
14861,Retail
14862,Wholesale
14863,Retail
14865,Wholesale
14866,Wholesale
14867,Wholesale
14868,Wholesale
14869,Wholesale
14870,Retail
14871,Wholesale
14873,Retail
14875,Wholesale
14878,Wholesale
14880,Wholesale
14881,Retail
14882,Wholesale
14883,Wholesale
14885,Retail
14886,Retail
14887,Wholesale
14888,Retail
14889,Retail
14890,Retail
14891,Wholesale
14893,Wholesale
14894,Retail
14895,Wholesale
14896,Wholesale
14897,Wholesale
14898,Wholesale
14901,Wholesale
14902,Retail
14903,Wholesale
14904,Wholesale
14905,Wholesale
14907,Wholesale
14908,Retail
14910,Wholesale
14911,Wholesale
14912,Wholesale
14913,Wholesale
14915,Wholesale
14916,Wholesale
14918,Wholesale
14920,Wholesale
14921,Wholesale
14923,Retail
14924,Retail
14929,Retail
14930,Wholesale
14931,Wholesale
14932,Retail
14934,Wholesale
14935,Wholesale
14936,Wholesale
14937,Wholesale
14944,Wholesale
14946,Retail
14947,Wholesale
14948,Wholesale
14950,Retail
14951,Retail
14952,Wholesale
14953,Retail
14954,Retail
14957,Retail
14958,Wholesale
14959,Wholesale
14960,Wholesale
14961,Wholesale
14962,Retail
14963,Wholesale
14964,Retail
14965,Wholesale
14966,Retail
14967,Retail
14968,Retail
14970,Wholesale
14971,Wholesale
14972,Retail
14973,Wholesale
14974,Retail
14975,Retail
14976,Wholesale
14978,Wholesale
14981,Retail
14984,Wholesale
14985,Wholesale
14987,Wholesale
14988,Retail
14995,Wholesale
14997,Wholesale
14998,Wholesale
15000,Retail
15002,Wholesale
15004,Wholesale
15005,Wholesale
15006,Wholesale
15007,Retail
15009,Wholesale
15010,Retail
15012,Wholesale
15014,Wholesale
15016,Retail
15017,Retail
15018,Wholesale
15019,Retail
15021,Wholesale
15022,Wholesale
15023,Wholesale
15024,Wholesale
15025,Retail
15026,Wholesale
15027,Wholesale
15028,Wholesale
15030,Wholesale
15031,Wholesale
15032,Wholesale
15033,Wholesale
15034,Wholesale
15035,Retail
15036,Wholesale
15038,Wholesale
15039,Wholesale
15041,Retail
15042,Retail
15043,Wholesale
15044,Wholesale
15045,Wholesale
15046,Wholesale
15047,Retail
15048,Wholesale
15049,Retail
15050,Wholesale
15051,Wholesale
15052,Retail
15053,Wholesale
15054,Wholesale
15057,Wholesale
15058,Wholesale
15059,Wholesale
15060,Wholesale
15061,Wholesale
15062,Wholesale
15063,Retail
15065,Wholesale
15066,Retail
15067,Wholesale
15068,Wholesale
15069,Wholesale
15070,Retail
15071,Wholesale
15073,Wholesale
15074,Retail
15075,Retail
15076,Retail
15078,Wholesale
15079,Wholesale
15081,Wholesale
15083,Retail
15087,Retail
15088,Wholesale
15089,Wholesale
15090,Retail
15091,Retail
15092,Wholesale
15093,Wholesale
15095,Wholesale
15096,Retail
15097,Retail
15098,Wholesale
15099,Retail
15100,Wholesale
15101,Wholesale
15103,Wholesale
15104,Wholesale
15105,Wholesale
15106,Wholesale
15107,Wholesale
15108,Wholesale
15109,Retail
15110,Wholesale
15111,Wholesale
15113,Wholesale
15114,Wholesale
15115,Retail
15116,Wholesale
15117,Wholesale
15118,Wholesale
15119,Retail
15120,Retail
15121,Wholesale
15122,Wholesale
15123,Wholesale
15124,Wholesale
15125,Wholesale
15127,Retail
15128,Wholesale
15129,Wholesale
15130,Retail
15132,Wholesale
15133,Wholesale
15134,Wholesale
15135,Retail
15136,Wholesale
15139,Wholesale
15140,Wholesale
15142,Retail
15143,Retail
15144,Wholesale
15145,Wholesale
15146,Wholesale
15147,Retail
15148,Retail
15149,Retail
15150,Wholesale
15152,Wholesale
15153,Retail
15154,Retail
15156,Wholesale
15157,Wholesale
15158,Retail
15159,Wholesale
15160,Retail
15163,Wholesale
15164,Wholesale
15165,Retail
15167,Retail
15168,Retail
15171,Wholesale
15172,Wholesale
15174,Retail
15175,Retail
15178,Retail
15179,Wholesale
15180,Retail
15181,Wholesale
15182,Wholesale
15184,Wholesale
15185,Retail
15186,Wholesale
15187,Wholesale
15189,Wholesale
15192,Wholesale
15193,Retail
15194,Wholesale
15195,Wholesale
15197,Wholesale
15198,Wholesale
15199,Wholesale
15201,Wholesale
15203,Wholesale
15204,Retail
15205,Wholesale
15206,Wholesale
15208,Wholesale
15210,Retail
15211,Wholesale
15212,Retail
15213,Wholesale
15214,Wholesale
15215,Wholesale
15216,Retail
15218,Wholesale
15219,Retail
15220,Wholesale
15221,Retail
15222,Wholesale
15223,Wholesale
15224,Wholesale
15225,Retail
15226,Retail
15227,Wholesale
15228,Wholesale
15230,Wholesale
15232,Wholesale
15234,Retail
15235,Wholesale
15236,Retail
15237,Wholesale
15238,Wholesale
15239,Wholesale
15240,Wholesale
15241,Wholesale
15243,Retail
15244,Wholesale
15245,Wholesale
15246,Wholesale
15247,Retail
15249,Wholesale
15251,Wholesale
15252,Wholesale
15253,Wholesale
15254,Retail
15255,Retail
15256,Retail
15257,Retail
15258,Wholesale
15260,Wholesale
15261,Retail
15262,Retail
15263,Retail
15264,Retail
15265,Wholesale
15266,Retail
15267,Wholesale
15269,Wholesale
15270,Wholesale
15271,Wholesale
15272,Wholesale
15274,Wholesale
15275,Retail
15276,Retail
15277,Retail
15279,Retail
15280,Retail
15281,Wholesale
15286,Retail
15287,Wholesale
15288,Wholesale
15289,Wholesale
15290,Wholesale
15291,Wholesale
15292,Retail
15296,Wholesale
15297,Wholesale
15298,Wholesale
15299,Wholesale
15300,Retail
15301,Wholesale
15303,Retail
15304,Wholesale
15306,Wholesale
15307,Retail
15308,Retail
15311,Wholesale
15312,Wholesale
15313,Retail
15314,Retail
15315,Wholesale
15316,Wholesale
15318,Retail
15319,Retail
15320,Retail
15321,Wholesale
15322,Retail
15325,Retail
15326,Retail
15327,Retail
15329,Wholesale
15330,Wholesale
15332,Wholesale
15333,Retail
15334,Wholesale
15335,Retail
15339,Wholesale
15341,Wholesale
15342,Retail
15343,Retail
15344,Wholesale
15345,Retail
15346,Retail
15347,Retail
15348,Retail
15349,Wholesale
15350,Retail
15351,Wholesale
15353,Wholesale
15355,Wholesale
15356,Wholesale
15358,Wholesale
15360,Retail
15361,Retail
15363,Retail
15364,Wholesale
15365,Wholesale
15366,Wholesale
15367,Wholesale
15368,Wholesale
15370,Wholesale
15372,Wholesale
15373,Wholesale
15374,Retail
15376,Wholesale
15379,Wholesale
15380,Wholesale
15381,Wholesale
15382,Wholesale
15384,Wholesale
15385,Retail
15386,Retail
15388,Retail
15389,Wholesale
15392,Wholesale
15393,Wholesale
15394,Wholesale
15395,Retail
15396,Retail
15397,Retail
15398,Wholesale
15399,Wholesale
15400,Wholesale
15402,Wholesale
15405,Retail
15406,Wholesale
15407,Wholesale
15408,Retail
15410,Wholesale
15411,Wholesale
15412,Retail
15414,Wholesale
15415,Retail
15416,Wholesale
15417,Retail
15419,Retail
15421,Wholesale
15422,Wholesale
15423,Retail
15424,Wholesale
15426,Wholesale
15427,Wholesale
15428,Retail
15429,Wholesale
15432,Retail
15433,Wholesale
15434,Wholesale
15435,Retail
15436,Wholesale
15437,Retail
15438,Retail
15440,Wholesale
15442,Wholesale
15443,Wholesale
15444,Wholesale
15445,Retail
15447,Retail
15448,Retail
15449,Wholesale
15450,Retail
15452,Wholesale
15453,Wholesale
15454,Retail
15456,Wholesale
15457,Retail
15458,Retail
15460,Retail
15462,Wholesale
15463,Retail
15464,Wholesale
15465,Wholesale
15466,Retail
15467,Wholesale
15468,Wholesale
15469,Wholesale
15471,Retail
15472,Retail
15473,Wholesale
15475,Retail
15478,Wholesale
15480,Retail
15482,Wholesale
15483,Wholesale
15484,Wholesale
15485,Wholesale
15488,Retail
15489,Wholesale
15491,Wholesale
15492,Wholesale
15493,Wholesale
15494,Wholesale
15497,Wholesale
15498,Wholesale
15500,Wholesale
15502,Wholesale
15503,Retail
15504,Retail
15505,Wholesale
15506,Wholesale
15507,Retail
15508,Wholesale
15510,Wholesale
15511,Wholesale
15512,Wholesale
15513,Wholesale
15514,Wholesale
15516,Wholesale
15517,Retail
15518,Wholesale
15520,Retail
15521,Wholesale
15522,Wholesale
15523,Retail
15524,Wholesale
15525,Wholesale
15526,Wholesale
15527,Wholesale
15528,Retail
15529,Wholesale
15530,Wholesale
15531,Wholesale
15532,Wholesale
15533,Wholesale
15535,Wholesale
15537,Retail
15539,Retail
15540,Retail
15541,Retail
15543,Retail
15544,Wholesale
15545,Wholesale
15547,Wholesale
15549,Wholesale
15550,Wholesale
15551,Retail
15552,Retail
15553,Retail
15554,Retail
15555,Wholesale
15556,Retail
15557,Retail
15561,Wholesale
15562,Wholesale
15563,Wholesale
15565,Wholesale
15567,Retail
15568,Wholesale
15569,Wholesale
15570,Wholesale
15571,Wholesale
15572,Wholesale
15573,Wholesale
15574,Wholesale
15576,Retail
15577,Wholesale
15578,Retail
15579,Wholesale
15581,Wholesale
15582,Wholesale
15584,Wholesale
15585,Retail
15587,Wholesale
15589,Wholesale
15592,Retail
15593,Retail
15594,Wholesale
15596,Wholesale
15597,Retail
15598,Retail
15599,Wholesale
15601,Wholesale
15602,Wholesale
15603,Retail
15604,Retail
15605,Wholesale
15606,Wholesale
15607,Retail
15608,Wholesale
15609,Retail
15610,Retail
15611,Wholesale
15612,Wholesale
15615,Wholesale
15618,Wholesale
15619,Wholesale
15620,Wholesale
15621,Wholesale
15622,Wholesale
15623,Retail
15624,Wholesale
15625,Wholesale
15626,Wholesale
15628,Wholesale
15630,Wholesale
15632,Wholesale
15634,Retail
15636,Wholesale
15637,Retail
15639,Retail
15640,Wholesale
15641,Wholesale
15643,Wholesale
15644,Wholesale
15645,Retail
15646,Wholesale
15648,Wholesale
15649,Wholesale
15651,Wholesale
15652,Retail
15653,Wholesale
15654,Wholesale
15655,Retail
15656,Wholesale
15657,Retail
15658,Wholesale
15659,Retail
15660,Wholesale
15661,Wholesale
15663,Retail
15664,Retail
15665,Wholesale
15667,Retail
15668,Retail
15669,Wholesale
15670,Retail
15671,Wholesale
15673,Wholesale
15674,Wholesale
15675,Wholesale
15676,Wholesale
15677,Retail
15678,Retail
15679,Wholesale
15680,Wholesale
15681,Wholesale
15683,Retail
15687,Wholesale
15689,Wholesale
15690,Wholesale
15691,Retail
15692,Retail
15694,Wholesale
15695,Wholesale
15696,Wholesale
15699,Retail
15700,Wholesale
15701,Wholesale
15703,Retail
15704,Wholesale
15705,Retail
15706,Wholesale
15707,Wholesale
15708,Wholesale
15709,Retail
15712,Wholesale
15713,Wholesale
15714,Wholesale
15716,Wholesale
15717,Retail
15719,Wholesale
15720,Wholesale
15721,Retail
15722,Wholesale
15723,Retail
15724,Wholesale
15725,Retail
15727,Wholesale
15729,Retail
15730,Wholesale
15732,Wholesale
15733,Retail
15734,Wholesale
15737,Wholesale
15738,Wholesale
15739,Retail
15740,Retail
15743,Wholesale
15744,Retail
15745,Wholesale
15746,Retail
15747,Wholesale
15748,Retail
15749,Wholesale
15750,Wholesale
15752,Wholesale
15753,Retail
15754,Wholesale
15755,Wholesale
15756,Wholesale
15757,Wholesale
15758,Retail
15759,Wholesale
15762,Wholesale
15763,Wholesale
15764,Wholesale
15766,Retail
15768,Wholesale
15769,Wholesale
15773,Retail
15774,Retail
15775,Retail
15776,Retail
15777,Wholesale
15780,Wholesale
15781,Wholesale
15782,Wholesale
15783,Retail
15785,Wholesale
15786,Wholesale
15787,Wholesale
15789,Retail
15790,Retail
15791,Wholesale
15793,Wholesale
15795,Retail
15796,Wholesale
15797,Wholesale
15799,Wholesale
15800,Wholesale
15801,Wholesale
15803,Retail
15804,Wholesale
15805,Wholesale
15806,Wholesale
15807,Wholesale
15808,Wholesale
15809,Wholesale
15810,Wholesale
15811,Wholesale
15812,Wholesale
15813,Wholesale
15814,Wholesale
15815,Wholesale
15819,Wholesale
15820,Retail
15821,Wholesale
15822,Wholesale
15825,Retail
15826,Wholesale
15827,Wholesale
15829,Wholesale
15830,Retail
15831,Wholesale
15832,Retail
15834,Wholesale
15835,Wholesale
15836,Retail
15837,Retail
15838,Wholesale
15839,Wholesale
15840,Wholesale
15841,Wholesale
15843,Retail
15844,Retail
15845,Wholesale
15847,Wholesale
15850,Wholesale
15852,Wholesale
15853,Retail
15854,Wholesale
15855,Wholesale
15856,Wholesale
15857,Retail
15858,Wholesale
15860,Wholesale
15861,Wholesale
15862,Wholesale
15863,Wholesale
15864,Wholesale
15865,Wholesale
15866,Retail
15867,Wholesale
15869,Wholesale
15870,Retail
15872,Wholesale
15874,Wholesale
15877,Wholesale
15880,Retail
15881,Wholesale
15882,Wholesale
15883,Wholesale
15885,Retail
15886,Retail
15888,Retail
15889,Wholesale
15891,Retail
15894,Wholesale
15895,Retail
15897,Wholesale
15898,Wholesale
15899,Retail
15900,Retail
15901,Wholesale
15903,Wholesale
15904,Retail
15906,Wholesale
15907,Wholesale
15909,Retail
15910,Wholesale
15912,Wholesale
15916,Wholesale
15917,Retail
15918,Wholesale
15919,Wholesale
15920,Wholesale
15921,Retail
15922,Retail
15923,Retail
15925,Retail
15930,Retail
15932,Wholesale
15933,Wholesale
15935,Retail
15937,Retail
15938,Wholesale
15939,Wholesale
15940,Retail
15942,Retail
15944,Retail
15945,Retail
15947,Wholesale
15948,Wholesale
15949,Wholesale
15950,Wholesale
15951,Wholesale
15952,Wholesale
15953,Wholesale
15955,Wholesale
15957,Retail
15958,Retail
15963,Wholesale
15965,Wholesale
15967,Wholesale
15969,Wholesale
15970,Retail
15971,Wholesale
15973,Retail
15974,Wholesale
15975,Retail
15976,Wholesale
15977,Wholesale
15978,Retail
15980,Wholesale
15981,Wholesale
15983,Wholesale
15984,Wholesale
15985,Wholesale
15986,Retail
15987,Wholesale
15988,Retail
15990,Wholesale
15992,Retail
15993,Wholesale
15994,Retail
15996,Wholesale
15998,Wholesale
16000,Wholesale
16003,Wholesale
16005,Wholesale
16006,Retail
16007,Wholesale
16008,Wholesale
16009,Wholesale
16010,Wholesale
16011,Wholesale
16012,Wholesale
16013,Wholesale
16014,Wholesale
16015,Wholesale
16016,Wholesale
16017,Retail
16018,Wholesale
16019,Wholesale
16020,Wholesale
16022,Retail
16023,Wholesale
16024,Retail
16025,Retail
16026,Retail
16027,Wholesale
16029,Wholesale
16030,Retail
16031,Wholesale
16033,Wholesale
16034,Wholesale
16036,Wholesale
16037,Wholesale
16038,Wholesale
16040,Wholesale
16041,Wholesale
16042,Wholesale
16043,Wholesale
16045,Wholesale
16048,Wholesale
16049,Wholesale
16050,Retail
16052,Retail
16053,Wholesale
16054,Retail
16055,Retail
16056,Retail
16057,Wholesale
16059,Wholesale
16062,Wholesale
16063,Retail
16065,Retail
16066,Wholesale
16070,Wholesale
16071,Retail
16072,Retail
16073,Wholesale
16076,Wholesale
16078,Retail
16079,Wholesale
16080,Wholesale
16081,Wholesale
16083,Wholesale
16084,Retail
16085,Wholesale
16086,Wholesale
16091,Wholesale
16092,Wholesale
16093,Retail
16094,Wholesale
16096,Retail
16097,Retail
16098,Wholesale
16099,Wholesale
16101,Wholesale
16102,Wholesale
16103,Wholesale
16104,Retail
16105,Retail
16106,Retail
16107,Wholesale
16108,Retail
16109,Wholesale
16110,Wholesale
16112,Wholesale
16113,Retail
16114,Retail
16115,Wholesale
16116,Retail
16117,Retail
16119,Wholesale
16120,Wholesale
16121,Wholesale
16122,Wholesale
16123,Retail
16124,Retail
16125,Retail
16126,Wholesale
16127,Retail
16128,Wholesale
16131,Wholesale
16133,Wholesale
16134,Wholesale
16135,Retail
16136,Wholesale
16139,Wholesale
16140,Wholesale
16141,Retail
16142,Retail
16143,Wholesale
16144,Wholesale
16145,Wholesale
16146,Wholesale
16147,Retail
16148,Retail
16149,Wholesale
16150,Wholesale
16152,Wholesale
16153,Wholesale
16156,Wholesale
16157,Wholesale
16159,Retail
16160,Wholesale
16161,Wholesale
16162,Retail
16163,Wholesale
16164,Wholesale
16168,Wholesale
16169,Wholesale
16170,Wholesale
16171,Retail
16172,Wholesale
16173,Wholesale
16174,Wholesale
16175,Wholesale
16177,Retail
16178,Retail
16179,Retail
16180,Wholesale
16181,Retail
16182,Wholesale
16183,Retail
16184,Wholesale
16185,Wholesale
16186,Wholesale
16187,Wholesale
16188,Wholesale
16189,Wholesale
16190,Retail
16191,Wholesale
16193,Retail
16198,Retail
16200,Wholesale
16201,Wholesale
16202,Retail
16203,Wholesale
16204,Retail
16205,Wholesale
16206,Wholesale
16207,Retail
16208,Wholesale
16209,Wholesale
16210,Wholesale
16211,Retail
16212,Wholesale
16213,Retail
16214,Wholesale
16215,Retail
16216,Retail
16217,Wholesale
16218,Wholesale
16221,Wholesale
16222,Wholesale
16224,Wholesale
16225,Wholesale
16226,Wholesale
16227,Retail
16229,Wholesale
16230,Wholesale
16232,Wholesale
16233,Wholesale
16235,Wholesale
16236,Retail
16239,Wholesale
16240,Wholesale
16241,Wholesale
16242,Wholesale
16243,Wholesale
16244,Wholesale
16245,Wholesale
16247,Retail
16248,Retail
16249,Wholesale
16250,Wholesale
16253,Wholesale
16255,Wholesale
16256,Retail
16257,Retail
16258,Wholesale
16260,Retail
16261,Wholesale
16265,Wholesale
16266,Wholesale
16268,Wholesale
16270,Retail
16271,Wholesale
16272,Retail
16274,Retail
16275,Retail
16276,Wholesale
16278,Retail
16279,Wholesale
16281,Wholesale
16282,Retail
16283,Wholesale
16284,Wholesale
16287,Retail
16292,Retail
16293,Wholesale
16295,Wholesale
16297,Retail
16298,Wholesale
16302,Retail
16303,Wholesale
16305,Retail
16306,Wholesale
16308,Wholesale
16309,Wholesale
16311,Wholesale
16313,Wholesale
16315,Retail
16316,Wholesale
16317,Wholesale
16318,Retail
16319,Wholesale
16320,Wholesale
16321,Wholesale
16322,Wholesale
16323,Wholesale
16324,Wholesale
16325,Wholesale
16326,Wholesale
16327,Wholesale
16330,Wholesale
16332,Wholesale
16333,Wholesale
16337,Retail
16338,Retail
16339,Retail
16340,Wholesale
16341,Wholesale
16342,Wholesale
16343,Wholesale
16344,Retail
16345,Retail
16347,Wholesale
16348,Wholesale
16349,Retail
16350,Wholesale
16351,Retail
16352,Wholesale
16353,Wholesale
16354,Wholesale
16356,Wholesale
16357,Wholesale
16358,Wholesale
16359,Wholesale
16360,Wholesale
16361,Wholesale
16362,Wholesale
16363,Retail
16364,Wholesale
16365,Wholesale
16366,Retail
16367,Wholesale
16368,Wholesale
16369,Wholesale
16370,Wholesale
16372,Wholesale
16374,Wholesale
16376,Wholesale
16377,Wholesale
16378,Wholesale
16379,Wholesale
16380,Wholesale
16383,Wholesale
16384,Wholesale
16385,Wholesale
16386,Wholesale
16387,Retail
16389,Wholesale
16392,Retail
16393,Wholesale
16394,Wholesale
16395,Wholesale
16398,Wholesale
16399,Wholesale
16400,Retail
16401,Wholesale
16402,Wholesale
16403,Retail
16404,Retail
16405,Wholesale
16406,Retail
16407,Wholesale
16409,Wholesale
16411,Wholesale
16412,Retail
16413,Retail
16414,Wholesale
16415,Retail
16416,Wholesale
16418,Wholesale
16419,Wholesale
16422,Wholesale
16423,Retail
16424,Retail
16425,Retail
16426,Wholesale
16427,Wholesale
16429,Wholesale
16430,Retail
16431,Wholesale
16432,Retail
16433,Retail
16434,Wholesale
16438,Wholesale
16440,Wholesale
16441,Wholesale
16442,Wholesale
16444,Wholesale
16445,Retail
16446,Wholesale
16447,Retail
16448,Retail
16449,Wholesale
16450,Retail
16451,Retail
16454,Retail
16455,Wholesale
16456,Wholesale
16457,Retail
16458,Wholesale
16460,Wholesale
16461,Retail
16462,Wholesale
16463,Wholesale
16464,Wholesale
16466,Wholesale
16468,Retail
16469,Wholesale
16470,Wholesale
16471,Retail
16473,Wholesale
16474,Wholesale
16475,Wholesale
16477,Wholesale
16478,Wholesale
16479,Wholesale
16480,Retail
16482,Retail
16483,Retail
16484,Wholesale
16485,Retail
16488,Wholesale
16491,Retail
16493,Wholesale
16494,Retail
16495,Wholesale
16496,Wholesale
16497,Wholesale
16498,Wholesale
16499,Wholesale
16500,Wholesale
16503,Wholesale
16504,Retail
16505,Wholesale
16506,Wholesale
16509,Retail
16510,Retail
16511,Wholesale
16513,Wholesale
16515,Wholesale
16516,Retail
16517,Retail
16518,Wholesale
16519,Wholesale
16520,Wholesale
16523,Wholesale
16525,Wholesale
16526,Retail
16527,Retail
16528,Retail
16529,Retail
16531,Wholesale
16532,Wholesale
16533,Wholesale
16535,Retail
16536,Retail
16539,Wholesale
16542,Retail
16545,Wholesale
16546,Wholesale
16549,Wholesale
16550,Wholesale
16551,Wholesale
16552,Wholesale
16553,Wholesale
16554,Wholesale
16555,Wholesale
16556,Wholesale
16557,Wholesale
16558,Wholesale
16560,Wholesale
16561,Wholesale
16563,Retail
16565,Retail
16566,Wholesale
16567,Wholesale
16569,Retail
16570,Wholesale
16571,Wholesale
16572,Wholesale
16573,Wholesale
16574,Retail
16581,Retail
16582,Retail
16583,Retail
16584,Wholesale
16586,Retail
16587,Retail
16589,Wholesale
16591,Retail
16592,Wholesale
16593,Wholesale
16594,Retail
16595,Retail
16596,Wholesale
16597,Retail
16598,Retail
16600,Wholesale
16601,Retail
16602,Retail
16603,Wholesale
16607,Wholesale
16609,Wholesale
16610,Retail
16611,Retail
16612,Wholesale
16613,Retail
16614,Retail
16616,Wholesale
16617,Retail
16618,Wholesale
16619,Retail
16620,Wholesale
16621,Wholesale
16623,Retail
16624,Wholesale
16625,Retail
16626,Wholesale
16627,Retail
16628,Wholesale
16629,Wholesale
16633,Wholesale
16634,Wholesale
16637,Wholesale
16638,Wholesale
16639,Wholesale
16641,Retail
16642,Wholesale
16643,Retail
16644,Wholesale
16647,Wholesale
16648,Retail
16650,Retail
16652,Wholesale
16653,Wholesale
16654,Wholesale
16655,Wholesale
16656,Wholesale
16657,Wholesale
16658,Retail
16659,Retail
16660,Wholesale
16665,Retail
16666,Retail
16667,Wholesale
16668,Wholesale
16669,Wholesale
16670,Wholesale
16671,Wholesale
16672,Wholesale
16674,Wholesale
16676,Wholesale
16678,Wholesale
16679,Retail
16680,Retail
16681,Wholesale
16682,Wholesale
16684,Wholesale
16685,Wholesale
16686,Wholesale
16688,Wholesale
16689,Wholesale
16690,Wholesale
16692,Wholesale
16693,Wholesale
16696,Wholesale
16697,Retail
16698,Wholesale
16700,Wholesale
16701,Wholesale
16705,Wholesale
16706,Wholesale
16708,Retail
16709,Wholesale
16710,Wholesale
16711,Wholesale
16712,Wholesale
16713,Wholesale
16714,Wholesale
16715,Retail
16716,Wholesale
16717,Wholesale
16718,Retail
16719,Wholesale
16720,Retail
16721,Retail
16722,Wholesale
16723,Wholesale
16725,Wholesale
16726,Wholesale
16727,Retail
16728,Wholesale
16729,Wholesale
16730,Wholesale
16732,Retail
16734,Wholesale
16735,Wholesale
16737,Wholesale
16738,Retail
16739,Retail
16743,Wholesale
16744,Wholesale
16745,Wholesale
16746,Wholesale
16747,Wholesale
16748,Wholesale
16750,Wholesale
16751,Wholesale
16752,Retail
16753,Retail
16754,Wholesale
16755,Wholesale
16756,Retail
16757,Retail
16758,Retail
16759,Wholesale
16761,Retail
16762,Wholesale
16763,Retail
16764,Wholesale
16765,Retail
16766,Wholesale
16767,Wholesale
16768,Wholesale
16769,Retail
16770,Wholesale
16771,Wholesale
16773,Retail
16774,Wholesale
16775,Wholesale
16776,Retail
16777,Wholesale
16778,Wholesale
16779,Wholesale
16780,Wholesale
16781,Retail
16782,Wholesale
16784,Retail
16788,Wholesale
16789,Retail
16790,Wholesale
16791,Wholesale
16792,Wholesale
16793,Retail
16794,Wholesale
16795,Retail
16796,Retail
16800,Wholesale
16801,Wholesale
16803,Retail
16804,Wholesale
16805,Wholesale
16806,Wholesale
16807,Wholesale
16808,Wholesale
16809,Wholesale
16810,Retail
16811,Wholesale
16812,Retail
16813,Wholesale
16814,Wholesale
16816,Wholesale
16817,Wholesale
16818,Wholesale
16820,Retail
16823,Retail
16824,Wholesale
16825,Wholesale
16826,Retail
16828,Retail
16829,Retail
16830,Retail
16832,Wholesale
16833,Wholesale
16834,Retail
16835,Wholesale
16836,Wholesale
16837,Wholesale
16838,Wholesale
16839,Wholesale
16841,Wholesale
16842,Wholesale
16843,Wholesale
16846,Retail
16847,Retail
16848,Retail
16849,Retail
16850,Retail
16851,Wholesale
16852,Wholesale
16855,Wholesale
16856,Retail
16858,Retail
16859,Wholesale
16861,Wholesale
16863,Wholesale
16866,Wholesale
16869,Wholesale
16871,Wholesale
16872,Wholesale
16873,Wholesale
16875,Wholesale
16877,Wholesale
16878,Retail
16880,Wholesale
16881,Wholesale
16882,Wholesale
16883,Wholesale
16884,Wholesale
16885,Wholesale
16887,Retail
16889,Wholesale
16891,Wholesale
16892,Wholesale
16893,Retail
16895,Retail
16897,Wholesale
16898,Wholesale
16899,Wholesale
16900,Wholesale
16902,Wholesale
16903,Retail
16904,Wholesale
16905,Wholesale
16906,Wholesale
16907,Wholesale
16909,Retail
16910,Wholesale
16912,Wholesale
16913,Retail
16914,Retail
16915,Wholesale
16916,Wholesale
16917,Retail
16918,Wholesale
16919,Wholesale
16921,Retail
16923,Wholesale
16924,Wholesale
16926,Retail
16927,Wholesale
16928,Wholesale
16929,Wholesale
16930,Wholesale
16931,Wholesale
16932,Retail
16933,Wholesale
16934,Wholesale
16936,Retail
16938,Wholesale
16940,Wholesale
16942,Wholesale
16943,Wholesale
16945,Wholesale
16947,Retail
16948,Wholesale
16949,Wholesale
16950,Wholesale
16951,Wholesale
16952,Wholesale
16953,Retail
16954,Wholesale
16955,Wholesale
16956,Retail
16957,Wholesale
16959,Retail
16960,Wholesale
16961,Retail
16963,Retail
16965,Retail
16966,Wholesale
16967,Retail
16968,Wholesale
16969,Wholesale
16971,Retail
16976,Wholesale
16978,Retail
16979,Wholesale
16980,Wholesale
16982,Retail
16983,Wholesale
16984,Wholesale
16985,Wholesale
16986,Wholesale
16987,Wholesale
16988,Retail
16989,Wholesale
16990,Wholesale
16992,Wholesale
16996,Wholesale
16997,Wholesale
16998,Wholesale
16999,Wholesale
17001,Wholesale
17002,Wholesale
17004,Wholesale
17006,Wholesale
17007,Wholesale
17010,Retail
17011,Retail
17014,Wholesale
17015,Wholesale
17017,Wholesale
17018,Wholesale
17019,Wholesale
17022,Retail
17024,Wholesale
17025,Wholesale
17026,Wholesale
17027,Wholesale
17029,Wholesale
17030,Retail
17031,Wholesale
17033,Wholesale
17034,Wholesale
17035,Wholesale
17037,Wholesale
17038,Retail
17040,Retail
17041,Wholesale
17042,Wholesale
17043,Wholesale
17044,Wholesale
17045,Wholesale
17046,Retail
17047,Wholesale
17048,Wholesale
17049,Wholesale
17050,Wholesale
17051,Retail
17052,Retail
17053,Retail
17054,Wholesale
17058,Wholesale
17059,Wholesale
17060,Retail
17061,Wholesale
17062,Wholesale
17063,Wholesale
17064,Wholesale
17068,Wholesale
17069,Wholesale
17070,Retail
17071,Wholesale
17073,Wholesale
17075,Wholesale
17076,Wholesale
17078,Wholesale
17079,Retail
17080,Wholesale
17081,Wholesale
17082,Wholesale
17083,Wholesale
17084,Wholesale
17085,Wholesale
17086,Wholesale
17088,Wholesale
17090,Wholesale
17091,Wholesale
17092,Wholesale
17094,Retail
17095,Wholesale
17096,Wholesale
17097,Wholesale
17100,Wholesale
17101,Wholesale
17102,Retail
17105,Wholesale
17107,Wholesale
17109,Wholesale
17110,Retail
17111,Retail
17114,Wholesale
17115,Wholesale
17117,Retail
17118,Retail
17119,Wholesale
17120,Retail
17122,Retail
17123,Retail
17124,Retail
17125,Retail
17126,Wholesale
17128,Retail
17131,Wholesale
17133,Wholesale
17134,Wholesale
17135,Wholesale
17138,Retail
17139,Wholesale
17140,Retail
17142,Retail
17144,Wholesale
17146,Wholesale
17147,Wholesale
17148,Retail
17152,Wholesale
17153,Retail
17154,Retail
17155,Wholesale
17157,Wholesale
17158,Wholesale
17159,Wholesale
17160,Wholesale
17162,Wholesale
17163,Wholesale
17164,Wholesale
17165,Retail
17166,Wholesale
17169,Wholesale
17171,Retail
17172,Retail
17173,Wholesale
17174,Retail
17175,Wholesale
17176,Retail
17179,Wholesale
17180,Wholesale
17181,Wholesale
17183,Wholesale
17186,Wholesale
17187,Retail
17188,Wholesale
17189,Wholesale
17190,Wholesale
17191,Wholesale
17193,Wholesale
17194,Retail
17197,Retail
17198,Wholesale
17201,Retail
17203,Wholesale
17204,Wholesale
17205,Retail
17206,Retail
17211,Wholesale
17212,Retail
17213,Wholesale
17214,Wholesale
17217,Retail
17218,Wholesale
17219,Retail
17220,Wholesale
17221,Wholesale
17222,Retail
17223,Wholesale
17226,Retail
17227,Wholesale
17228,Wholesale
17229,Wholesale
17230,Wholesale
17231,Wholesale
17232,Wholesale
17233,Retail
17234,Retail
17235,Wholesale
17236,Wholesale
17237,Wholesale
17238,Wholesale
17239,Retail
17242,Wholesale
17243,Wholesale
17244,Retail
17245,Retail
17247,Retail
17248,Retail
17250,Wholesale
17251,Retail
17252,Wholesale
17253,Retail
17254,Wholesale
17255,Wholesale
17256,Wholesale
17259,Wholesale
17262,Wholesale
17263,Retail
17265,Wholesale
17266,Wholesale
17267,Wholesale
17268,Wholesale
17272,Wholesale
17274,Retail
17277,Wholesale
17278,Retail
17279,Retail
17282,Wholesale
17284,Wholesale
17286,Retail
17287,Wholesale
17288,Wholesale
17289,Wholesale
17290,Wholesale
17291,Wholesale
17293,Wholesale
17295,Wholesale
17297,Retail
17298,Wholesale
17299,Wholesale
17301,Retail
17302,Wholesale
17303,Retail
17306,Wholesale
17309,Retail
17311,Wholesale
17312,Wholesale
17313,Wholesale
17314,Wholesale
17315,Wholesale
17317,Wholesale
17320,Wholesale
17321,Wholesale
17323,Wholesale
17324,Wholesale
17325,Retail
17329,Wholesale
17330,Wholesale
17331,Wholesale
17333,Retail
17334,Wholesale
17337,Wholesale
17338,Wholesale
17339,Wholesale
17340,Wholesale
17341,Wholesale
17343,Retail
17344,Retail
17345,Wholesale
17346,Wholesale
17347,Wholesale
17348,Wholesale
17349,Retail
17350,Wholesale
17351,Wholesale
17353,Wholesale
17354,Wholesale
17356,Retail
17357,Wholesale
17358,Wholesale
17359,Retail
17360,Wholesale
17361,Wholesale
17362,Wholesale
17364,Wholesale
17365,Wholesale
17367,Retail
17368,Wholesale
17370,Wholesale
17371,Wholesale
17372,Wholesale
17373,Wholesale
17374,Wholesale
17375,Wholesale
17376,Wholesale
17377,Wholesale
17379,Retail
17381,Wholesale
17382,Retail
17383,Retail
17384,Wholesale
17385,Retail
17386,Wholesale
17387,Wholesale
17388,Wholesale
17389,Wholesale
17391,Wholesale
17392,Wholesale
17394,Retail
17396,Wholesale
17397,Wholesale
17398,Wholesale
17400,Wholesale
17402,Wholesale
17403,Retail
17404,Wholesale
17405,Wholesale
17406,Wholesale
17408,Retail
17409,Wholesale
17410,Wholesale
17411,Wholesale
17412,Wholesale
17414,Wholesale
17415,Retail
17416,Wholesale
17418,Wholesale
17419,Wholesale
17420,Wholesale
17422,Wholesale
17423,Wholesale
17425,Wholesale
17426,Wholesale
17427,Retail
17428,Wholesale
17429,Wholesale
17430,Wholesale
17431,Retail
17432,Wholesale
17433,Retail
17434,Wholesale
17436,Wholesale
17438,Retail
17440,Wholesale
17442,Wholesale
17443,Wholesale
17444,Wholesale
17446,Wholesale
17447,Wholesale
17449,Wholesale
17450,Wholesale
17451,Wholesale
17453,Wholesale
17454,Wholesale
17455,Retail
17456,Retail
17457,Wholesale
17458,Retail
17459,Wholesale
17460,Wholesale
17461,Wholesale
17462,Wholesale
17463,Wholesale
17464,Retail
17466,Wholesale
17468,Wholesale
17469,Wholesale
17470,Wholesale
17472,Wholesale
17475,Retail
17480,Retail
17481,Wholesale
17483,Wholesale
17486,Retail
17489,Wholesale
17490,Wholesale
17491,Wholesale
17492,Retail
17495,Wholesale
17496,Retail
17498,Retail
17499,Retail
17500,Wholesale
17501,Wholesale
17502,Wholesale
17503,Wholesale
17504,Wholesale
17505,Wholesale
17506,Retail
17507,Wholesale
17508,Retail
17509,Wholesale
17510,Retail
17511,Wholesale
17512,Wholesale
17513,Retail
17514,Retail
17515,Wholesale
17516,Wholesale
17517,Retail
17519,Wholesale
17520,Retail
17521,Wholesale
17522,Wholesale
17523,Wholesale
17524,Retail
17525,Retail
17526,Wholesale
17527,Wholesale
17528,Wholesale
17530,Wholesale
17531,Retail
17534,Retail
17535,Retail
17536,Retail
17537,Wholesale
17538,Retail
17540,Wholesale
17542,Retail
17545,Wholesale
17548,Retail
17549,Wholesale
17550,Wholesale
17551,Retail
17552,Wholesale
17553,Wholesale
17554,Wholesale
17555,Wholesale
17556,Retail
17557,Wholesale
17560,Wholesale
17561,Retail
17562,Wholesale
17564,Wholesale
17566,Wholesale
17567,Wholesale
17569,Retail
17571,Wholesale
17572,Wholesale
17573,Wholesale
17574,Retail
17576,Wholesale
17578,Retail
17579,Wholesale
17580,Wholesale
17581,Wholesale
17582,Retail
17584,Wholesale
17585,Wholesale
17588,Wholesale
17589,Wholesale
17590,Wholesale
17591,Wholesale
17593,Wholesale
17594,Wholesale
17595,Wholesale
17596,Wholesale
17597,Wholesale
17600,Retail
17601,Retail
17602,Wholesale
17603,Retail
17604,Wholesale
17608,Wholesale
17609,Wholesale
17611,Wholesale
17612,Wholesale
17613,Wholesale
17614,Retail
17615,Wholesale
17616,Wholesale
17618,Wholesale
17619,Retail
17620,Retail
17621,Wholesale
17623,Retail
17624,Wholesale
17625,Wholesale
17628,Retail
17629,Wholesale
17630,Wholesale
17631,Wholesale
17633,Wholesale
17634,Wholesale
17636,Retail
17637,Wholesale
17639,Retail
17640,Wholesale
17642,Wholesale
17643,Retail
17644,Wholesale
17646,Wholesale
17647,Retail
17648,Wholesale
17649,Retail
17650,Retail
17651,Wholesale
17652,Wholesale
17653,Wholesale
17654,Retail
17655,Wholesale
17656,Wholesale
17658,Wholesale
17659,Wholesale
17660,Retail
17663,Wholesale
17664,Wholesale
17666,Wholesale
17667,Wholesale
17668,Wholesale
17669,Wholesale
17670,Retail
17671,Wholesale
17672,Wholesale
17673,Wholesale
17674,Wholesale
17675,Wholesale
17676,Wholesale
17677,Wholesale
17678,Retail
17679,Wholesale
17680,Retail
17682,Wholesale
17684,Retail
17685,Wholesale
17686,Wholesale
17690,Wholesale
17691,Wholesale
17692,Wholesale
17693,Retail
17694,Retail
17695,Wholesale
17696,Wholesale
17697,Retail
17698,Retail
17700,Wholesale
17701,Retail
17702,Wholesale
17703,Wholesale
17704,Wholesale
17705,Wholesale
17706,Wholesale
17707,Wholesale
17708,Wholesale
17709,Retail
17711,Wholesale
17712,Retail
17714,Retail
17715,Wholesale
17716,Wholesale
17718,Retail
17719,Wholesale
17720,Wholesale
17722,Wholesale
17723,Wholesale
17724,Wholesale
17725,Wholesale
17727,Wholesale
17728,Wholesale
17730,Wholesale
17731,Wholesale
17732,Retail
17733,Wholesale
17734,Wholesale
17735,Wholesale
17736,Wholesale
17737,Wholesale
17738,Wholesale
17739,Wholesale
17742,Wholesale
17744,Wholesale
17746,Retail
17747,Retail
17749,Wholesale
17750,Wholesale
17752,Retail
17754,Wholesale
17757,Wholesale
17758,Wholesale
17759,Wholesale
17760,Wholesale
17761,Retail
17763,Retail
17764,Wholesale
17765,Wholesale
17767,Retail
17768,Wholesale
17769,Wholesale
17770,Wholesale
17771,Wholesale
17772,Wholesale
17774,Wholesale
17775,Retail
17777,Wholesale
17779,Wholesale
17781,Wholesale
17783,Wholesale
17785,Retail
17786,Wholesale
17787,Wholesale
17788,Wholesale
17789,Retail
17790,Wholesale
17791,Retail
17793,Retail
17795,Wholesale
17796,Wholesale
17797,Wholesale
17799,Wholesale
17800,Wholesale
17802,Wholesale
17805,Retail
17806,Retail
17809,Wholesale
17811,Wholesale
17812,Wholesale
17813,Wholesale
17816,Wholesale
17817,Wholesale
17819,Wholesale
17824,Retail
17827,Wholesale
17828,Wholesale
17829,Retail
17830,Wholesale
17831,Retail
17832,Retail
17835,Wholesale
17836,Retail
17837,Wholesale
17838,Wholesale
17839,Retail
17841,Wholesale
17843,Retail
17844,Retail
17848,Wholesale
17849,Wholesale
17850,Wholesale
17852,Wholesale
17854,Wholesale
17855,Retail
17856,Wholesale
17857,Wholesale
17858,Wholesale
17859,Retail
17860,Retail
17861,Wholesale
17862,Retail
17863,Wholesale
17864,Wholesale
17865,Wholesale
17866,Retail
17867,Wholesale
17869,Wholesale
17870,Wholesale
17871,Retail
17873,Wholesale
17874,Wholesale
17877,Retail
17878,Retail
17879,Retail
17880,Retail
17881,Retail
17883,Wholesale
17884,Wholesale
17885,Retail
17886,Wholesale
17887,Retail
17888,Wholesale
17889,Wholesale
17890,Wholesale
17891,Retail
17892,Wholesale
17893,Retail
17894,Wholesale
17895,Retail
17896,Wholesale
17897,Wholesale
17898,Wholesale
17899,Retail
17900,Wholesale
17901,Retail
17904,Retail
17905,Wholesale
17906,Retail
17908,Retail
17911,Retail
17912,Wholesale
17913,Wholesale
17914,Retail
17917,Wholesale
17919,Wholesale
17920,Wholesale
17921,Wholesale
17923,Wholesale
17924,Wholesale
17925,Wholesale
17926,Wholesale
17928,Wholesale
17929,Wholesale
17930,Wholesale
17931,Wholesale
17932,Wholesale
17934,Wholesale
17935,Wholesale
17936,Retail
17937,Wholesale
17939,Retail
17940,Wholesale
17941,Wholesale
17942,Retail
17946,Wholesale
17947,Retail
17948,Wholesale
17949,Wholesale
17950,Wholesale
17951,Wholesale
17954,Wholesale
17955,Wholesale
17956,Retail
17957,Retail
17958,Retail
17960,Retail
17961,Wholesale
17962,Retail
17964,Wholesale
17965,Wholesale
17966,Wholesale
17967,Retail
17968,Retail
17969,Wholesale
17970,Retail
17972,Retail
17973,Retail
17974,Wholesale
17975,Wholesale
17976,Retail
17977,Retail
17978,Retail
17979,Wholesale
17980,Wholesale
17984,Retail
17985,Retail
17986,Retail
17987,Retail
17988,Wholesale
17990,Wholesale
17991,Wholesale
17994,Wholesale
17995,Retail
17997,Wholesale
17999,Wholesale
18001,Wholesale
18004,Retail
18005,Wholesale
18006,Retail
18008,Wholesale
18009,Retail
18010,Retail
18011,Retail
18013,Wholesale
18014,Retail
18015,Retail
18016,Wholesale
18017,Wholesale
18018,Wholesale
18019,Retail
18022,Wholesale
18024,Wholesale
18027,Retail
18030,Wholesale
18032,Retail
18033,Retail
18034,Wholesale
18035,Wholesale
18036,Wholesale
18037,Wholesale
18040,Wholesale
18041,Wholesale
18042,Retail
18043,Wholesale
18044,Wholesale
18045,Retail
18048,Wholesale
18050,Retail
18053,Retail
18055,Wholesale
18056,Retail
18058,Retail
18059,Wholesale
18061,Wholesale
18062,Wholesale
18064,Wholesale
18065,Wholesale
18066,Retail
18067,Retail
18068,Retail
18069,Wholesale
18071,Wholesale
18072,Retail
18073,Wholesale
18074,Retail
18075,Wholesale
18077,Wholesale
18078,Wholesale
18079,Wholesale
18080,Wholesale
18081,Wholesale
18082,Retail
18084,Retail
18085,Wholesale
18086,Retail
18087,Wholesale
18088,Retail
18092,Wholesale
18093,Wholesale
18094,Wholesale
18095,Wholesale
18096,Wholesale
18097,Wholesale
18099,Retail
18101,Wholesale
18102,Wholesale
18104,Retail
18105,Retail
18106,Retail
18108,Retail
18109,Wholesale
18110,Retail
18112,Wholesale
18113,Retail
18114,Retail
18116,Wholesale
18117,Retail
18118,Wholesale
18119,Retail
18120,Retail
18121,Wholesale
18122,Wholesale
18123,Wholesale
18125,Wholesale
18126,Retail
18127,Wholesale
18129,Retail
18130,Wholesale
18133,Wholesale
18135,Wholesale
18136,Wholesale
18138,Retail
18139,Wholesale
18142,Wholesale
18143,Wholesale
18144,Wholesale
18145,Wholesale
18146,Wholesale
18147,Wholesale
18149,Wholesale
18150,Wholesale
18151,Wholesale
18154,Wholesale
18155,Wholesale
18156,Wholesale
18158,Wholesale
18159,Retail
18160,Wholesale
18161,Wholesale
18164,Retail
18165,Retail
18167,Wholesale
18168,Wholesale
18169,Retail
18170,Wholesale
18171,Wholesale
18172,Wholesale
18173,Wholesale
18174,Retail
18176,Retail
18177,Wholesale
18178,Wholesale
18179,Wholesale
18180,Wholesale
18181,Retail
18183,Wholesale
18184,Retail
18185,Retail
18188,Wholesale
18189,Wholesale
18190,Wholesale
18191,Retail
18192,Retail
18193,Retail
18194,Wholesale
18196,Wholesale
18198,Wholesale
18200,Retail
18202,Wholesale
18203,Retail
18204,Wholesale
18205,Wholesale
18209,Retail
18210,Wholesale
18211,Wholesale
18212,Retail
18213,Retail
18215,Retail
18216,Retail
18217,Wholesale
18218,Wholesale
18219,Wholesale
18220,Wholesale
18221,Wholesale
18222,Retail
18223,Wholesale
18224,Retail
18225,Wholesale
18226,Wholesale
18227,Retail
18228,Wholesale
18229,Wholesale
18230,Wholesale
18231,Wholesale
18232,Wholesale
18233,Wholesale
18235,Wholesale
18236,Wholesale
18237,Wholesale
18239,Wholesale
18240,Retail
18241,Wholesale
18242,Wholesale
18245,Wholesale
18246,Wholesale
18248,Wholesale
18249,Retail
18250,Retail
18251,Wholesale
18252,Wholesale
18255,Retail
18257,Wholesale
18259,Wholesale
18260,Wholesale
18261,Wholesale
18262,Retail
18263,Wholesale
18265,Wholesale
18268,Retail
18269,Retail
18270,Wholesale
18272,Wholesale
18273,Wholesale
18274,Retail
18276,Retail
18277,Retail
18278,Retail
18280,Retail
18281,Retail
18282,Wholesale
18283,Wholesale
18287,Wholesale
