{"directed": false, "multigraph": false, "graph": {}, "nodes": [{"id": "hanging heart tlight holder"}, {"id": "heart wicker"}, {"id": "regency cakestand tier"}, {"id": "regency teacup saucer"}, {"id": "heart christmas scandinavian"}, {"id": "star christmas scandinavian"}, {"id": "bird ornament"}, {"id": "painted metal"}, {"id": "baking piece retrospot"}, {"id": "baking spaceboy design"}, {"id": "dog water bottle"}, {"id": "water bottle"}, {"id": "paper chain christmas"}, {"id": "paper chain vintage christmas"}, {"id": "heart water bottle"}, {"id": "wicker heart"}, {"id": "tree christmas scandinavian"}, {"id": "water bottle poorly"}, {"id": "pencil tube retrospot"}, {"id": "pencil tube skull"}, {"id": "wicker star"}, {"id": "retrospot pc"}, {"id": "childrens cutlery dolly"}, {"id": "childrens cutlery spaceboy"}, {"id": "heart chalkboard"}, {"id": "heart decoration"}, {"id": "cake case vintage christmas"}, {"id": "vintage christmas napkin"}, {"id": "candleholder hanging heart"}, {"id": "picture frame"}, {"id": "wooden frame antique"}, {"id": "cake baking case"}, {"id": "mini loaf baking case"}, {"id": "love water bottle"}, {"id": "water bottle calm"}, {"id": "vintage head tail card game"}, {"id": "vintage snap card"}, {"id": "cake tin pantry design"}, {"id": "snack loaf baking case"}, {"id": "paisley cake case"}, {"id": "retrospot cake case"}, {"id": "rex cashcarry shopper"}, {"id": "jam making jar"}, {"id": "jam making printed"}, {"id": "gardener kneeling cup"}, {"id": "gardener kneeling pad calm"}, {"id": "bag"}, {"id": "bag retrospot"}, {"id": "time baking case"}, {"id": "kitchen scale"}, {"id": "playhouse bedroom"}, {"id": "playhouse kitchen"}, {"id": "lunch bag spaceboy design"}, {"id": "lunch bag suki design"}, {"id": "hand warmer bird design"}, {"id": "hand warmer owl design"}, {"id": "dolly lunch box"}, {"id": "spaceboy lunch box"}, {"id": "lunch bag car"}, {"id": "regency cake tin"}, {"id": "bag christmas"}, {"id": "hand warmer scotty dog design"}, {"id": "water bottle sympathy"}, {"id": "teatime fairy cake case"}, {"id": "zinc heart decoration"}, {"id": "recipe box pantry design"}, {"id": "spice tin pantry design"}, {"id": "lunch bag dolly design"}, {"id": "bunting"}, {"id": "party bunting"}, {"id": "playing card calm carry"}, {"id": "playing card jubilee union jack"}, {"id": "bag polkadot"}, {"id": "heart hanging decoration rustic"}, {"id": "plaster tin circus parade"}, {"id": "plaster tin woodland animal"}, {"id": "lunch bag woodland"}, {"id": "box mini vintage cracker"}, {"id": "hand warmer union jack"}, {"id": "lunch bag retrospot"}, {"id": "pencil tube woodland"}, {"id": "child breakfast dolly"}, {"id": "child breakfast spaceboy"}, {"id": "cook metal sign"}, {"id": "gin metal sign"}, {"id": "cake case"}, {"id": "dinosaur cake case"}, {"id": "treasure book box"}, {"id": "treasure island book box"}, {"id": "regency plate"}, {"id": "doily vintage christmas"}, {"id": "bag baroque"}, {"id": "hand warmer retrospot"}, {"id": "plaster tin vintage paisley"}, {"id": "cake childrens apron"}, {"id": "childrens apron design"}, {"id": "playhouse livingroom"}, {"id": "drawer knob"}, {"id": "spot drawer knob"}, {"id": "plaster tin spaceboy"}, {"id": "monster stencil craft"}, {"id": "stencil craft"}, {"id": "plaster tin strongman"}, {"id": "regency teapot"}, {"id": "sugar tin pantry"}, {"id": "box mini cracker"}, {"id": "hand warmer love heart"}, {"id": "ribbon vintage christmas"}, {"id": "heart card holder"}, {"id": "herb marker rosemary"}, {"id": "herb marker thyme"}, {"id": "picture domino"}, {"id": "lunch bag polkadot"}, {"id": "lunch bag skull"}, {"id": "chalkboard"}, {"id": "doormat home sweet home"}, {"id": "england"}, {"id": "feltcraft princess charlotte doll"}, {"id": "feltcraft princess lola doll"}, {"id": "felt craft trinket box"}, {"id": "harmonica box"}, {"id": "heart shaped holly"}, {"id": "heart wreath"}, {"id": "heart design tissue"}, {"id": "retrospot tissue"}, {"id": "herb marker parsley"}, {"id": "plaster tin skull"}, {"id": "family photo frame cornice"}, {"id": "photo frame cornice"}, {"id": "box domino"}, {"id": "hand sign"}, {"id": "person metal sign"}, {"id": "childrens apron dolly"}, {"id": "colour mini case"}, {"id": "retrospot mini case"}, {"id": "cake case dolly design"}, {"id": "feltcraft princess olivia doll"}, {"id": "spaceboy cake case"}, {"id": "biscuit tin vintage"}, {"id": "round cake tin vintage"}, {"id": "feltcraft butterfly heart"}, {"id": "feltcraft flower friend"}, {"id": "paisley flower doily"}, {"id": "paper doily"}, {"id": "feltcraft girl amelie"}, {"id": "feltcraft girl nicole"}, {"id": "bag alphabet"}, {"id": "regency sugar bowl"}, {"id": "bag vintage christmas"}, {"id": "christmas craft fairy"}, {"id": "christmas craft friend"}, {"id": "gift tag christmas"}, {"id": "storage bag suki"}, {"id": "herb marker"}, {"id": "herb marker basil"}, {"id": "herb marker chive"}, {"id": "head tail sporting fun"}, {"id": "school colouring"}, {"id": "box vintage alphabet block"}, {"id": "box vintage jigsaw block"}, {"id": "playhouse bathroom"}, {"id": "lovebird hanging decoration"}, {"id": "alarm clock bakelike"}, {"id": "gazebo"}, {"id": "hanging heart zinc tlight holder"}, {"id": "heart zinc tlight holder"}, {"id": "welcome home"}, {"id": "sweetheart fairy cake case"}, {"id": "metal hook hanger chateau"}, {"id": "retrospot charlotte bag"}, {"id": "woodland charlotte bag"}, {"id": "gentleman metal sign"}, {"id": "cake money bank"}, {"id": "heart fairy cake money bank"}, {"id": "metal sign leave"}, {"id": "paper cup"}, {"id": "paper plate"}, {"id": "ribbon"}, {"id": "ribbon charm"}, {"id": "retrospot paper napkin"}, {"id": "antique tlight glass"}, {"id": "childrens cutlery circus parade"}, {"id": "christmas gingham tree"}, {"id": "kneeling mat housework design"}, {"id": "roll wrap christmas"}, {"id": "doormat calm come"}, {"id": "christmas gingham star"}, {"id": "skull water bottle"}, {"id": "card christmas village"}, {"id": "card motorbike santa"}, {"id": "spinning top"}, {"id": "retrospot glass bowl"}, {"id": "knitting nancy"}, {"id": "heart trellis"}, {"id": "vintage paisley"}, {"id": "diner wall clock"}, {"id": "trinket box"}, {"id": "paper chain retrospot"}, {"id": "mug cat bird design"}, {"id": "mug dog ball design"}, {"id": "dinner candle"}, {"id": "vanilla candle"}, {"id": "child garden fork"}, {"id": "child garden trowel"}, {"id": "butterfly cookie cutter"}, {"id": "heart cookie cutter"}, {"id": "coloured pencil"}, {"id": "crayon"}, {"id": "glass hanging tlight"}, {"id": "paper napkin"}, {"id": "airline bag vintage jet"}, {"id": "airline bag vintage tokyo"}, {"id": "heart"}, {"id": "pantry jelly mould"}, {"id": "lunch bag design"}, {"id": "rabbit night light"}, {"id": "toadstool led night light"}, {"id": "regency milk jug"}, {"id": "jingle bell heart decoration"}, {"id": "doormat union flag"}, {"id": "lunch bag alphabet design"}, {"id": "christmas cracker"}, {"id": "tree decoration"}, {"id": "christmas craft tree angel"}, {"id": "catch cup game"}, {"id": "wooden skipping rope"}, {"id": "holder"}, {"id": "homemade jam scented candle"}, {"id": "holiday metal sign"}, {"id": "retrospot cup"}, {"id": "retrospot plate"}, {"id": "retrospot childrens apron"}, {"id": "heart wooden christmas decoration"}, {"id": "star wooden christmas decoration"}, {"id": "heart paper doily"}, {"id": "singing metal sign"}, {"id": "vintage cat food container"}, {"id": "vintage dog food container"}, {"id": "croquet garden"}, {"id": "rounder garden"}, {"id": "ribbon reel stripe design"}, {"id": "bathroom metal sign"}, {"id": "toilet metal sign"}, {"id": "skittle garden"}, {"id": "paisley tissue"}, {"id": "baby bunting"}, {"id": "polkadot wrap"}, {"id": "retrospot wrap"}, {"id": "giraffe wooden ruler"}, {"id": "revolver wooden ruler"}, {"id": "box ribbon"}, {"id": "feltcraft doll emily"}, {"id": "feltcraft doll molly"}, {"id": "bag vintage"}, {"id": "collage paper cup"}, {"id": "collage paper plate"}, {"id": "pantry design cake case"}, {"id": "stocking decoration"}, {"id": "vintage christmas cake frill"}, {"id": "zinc folkart bell"}, {"id": "christmas ribbon"}, {"id": "gift tag vintage christmas"}, {"id": "enamel flower jug"}, {"id": "wood board finish"}, {"id": "cotton bag"}, {"id": "metal beach spade"}, {"id": "vintage tin seaside bucket"}, {"id": "gift tag"}, {"id": "chocolatecandle"}, {"id": "mini paint vintage"}, {"id": "world war glider asstd design"}, {"id": "bag vintage paisley"}, {"id": "fob door"}, {"id": "fob shed"}, {"id": "pottering shed metal sign"}, {"id": "modelling"}, {"id": "bag paisley"}, {"id": "blackblue polkadot umbrella"}, {"id": "retrospot umbrella"}, {"id": "cake stand hanging cake"}, {"id": "mini cake stand hanging cake"}, {"id": "ribbon reel christmas sock bauble"}, {"id": "clothes peg retrospot"}, {"id": "chick water bottle"}, {"id": "candle"}, {"id": "wood garden plant ladder"}, {"id": "sweetheart mini chest"}, {"id": "wood drawer cabinet finish"}, {"id": "colour glass tlight holder hanging"}, {"id": "home building block word"}, {"id": "love building block word"}, {"id": "bag woodland animal"}, {"id": "piece spaceboy cookie cutter"}, {"id": "ribbon reel heart design"}, {"id": "kitchen metal sign"}, {"id": "pantry design"}, {"id": "retrospot paper doily"}, {"id": "polkadot tissue"}, {"id": "metal birdcage plant holder"}, {"id": "suki tissue"}, {"id": "soldier skittle"}, {"id": "vintage snake ladder"}, {"id": "polkadot bowl"}, {"id": "retrospot bowl"}, {"id": "feltcraft christmas fairy"}, {"id": "heart decoration hanging"}, {"id": "glass bottle elixir"}, {"id": "glass bottle tonic"}, {"id": "dolly design bowl"}, {"id": "marshmallow bowl"}, {"id": "christmas star list chalkboard"}, {"id": "colour pencil dolly"}, {"id": "colour pencil spaceboy"}, {"id": "balloon writing"}, {"id": "dinosaur writing"}, {"id": "heart filigree dove"}, {"id": "ribbon reel christmas present"}, {"id": "christmas metal tag"}, {"id": "christmas stamp sticker"}, {"id": "garden thermometer"}, {"id": "storage box"}, {"id": "hand warmer babushka design"}, {"id": "bath building block word"}, {"id": "folk stationery"}, {"id": "stationery"}, {"id": "beware cat metal sign"}, {"id": "christmas light reindeer"}, {"id": "doorstop retrospot heart"}, {"id": "wicker wreath"}, {"id": "bread bin"}, {"id": "doormat english"}, {"id": "stripey mouse feltcraft"}, {"id": "man cookie cutter"}, {"id": "hanging jam jar tlight holder"}, {"id": "charlotte bag suki design"}, {"id": "metal sign"}, {"id": "washroom metal sign"}, {"id": "hanging heart lantern"}, {"id": "lunch box cutlery"}, {"id": "skull lunch box cutlery"}, {"id": "time party bunting"}, {"id": "bread bin diner style"}, {"id": "birthday bunting"}, {"id": "watering bunny"}, {"id": "watering elephant"}, {"id": "retrospot cigar box match"}, {"id": "paper chain empire"}, {"id": "union jack bunting"}, {"id": "biscuit cutter"}, {"id": "paisley picnic bag"}, {"id": "vintage paisley picnic bag"}, {"id": "birthday card"}, {"id": "cowboy birthday card"}, {"id": "heart butterfly"}, {"id": "polkadot cup"}, {"id": "polkadot plate"}, {"id": "feltcraft doll rosie"}, {"id": "vintage paisley stationery"}, {"id": "love london cake case"}, {"id": "vintage cake case"}, {"id": "font birthday card"}, {"id": "font birthday wrap"}, {"id": "drawer knob crackle glaze"}, {"id": "heart antique"}, {"id": "vintage christmas stocking"}, {"id": "storage jar"}, {"id": "pantry shopping list"}, {"id": "decoration"}, {"id": "jingle bell heart antique"}, {"id": "embroidered ribbon reel emily"}, {"id": "embroidered ribbon reel sally"}, {"id": "christmas sticker"}, {"id": "roll wrap vintage christmas"}, {"id": "charlotte bag"}, {"id": "box christmas pannetone"}, {"id": "polkadot party candle"}, {"id": "storage bag skull"}, {"id": "retrospot tube match"}, {"id": "hour cigar box match"}, {"id": "london tissue"}, {"id": "ribbon reel village"}, {"id": "wooden christmas decoration"}, {"id": "robot birthday card"}, {"id": "gardenia wick morris boxed candle"}, {"id": "morris box candle"}, {"id": "morris boxed candle"}, {"id": "message card envelope"}, {"id": "moody door hanger"}, {"id": "stuff door hanger"}, {"id": "bingo"}, {"id": "bag spaceboy design"}, {"id": "retrospot peg bag"}, {"id": "circus parade lunch box"}, {"id": "knitted union flag water bottle"}, {"id": "bird house water bottle"}, {"id": "sewing box"}, {"id": "bag swirly"}, {"id": "toy tidy polkadot"}, {"id": "toy tidy spaceboy"}, {"id": "parasol"}, {"id": "hook photo shelf antique"}, {"id": "picture frame wood portrait"}, {"id": "paper bunting retrospot"}, {"id": "london bus mug"}, {"id": "towel love london"}, {"id": "sweetheart cakestand tier"}, {"id": "charlotte bag polkadot"}, {"id": "drawing dolly girl"}, {"id": "drawing spaceboy"}, {"id": "hanging heart jar tlight holder"}, {"id": "round snack box woodland"}, {"id": "airline bag vintage world champion"}, {"id": "skull tissue"}, {"id": "heart shaped balloon"}, {"id": "round snack box fruit"}, {"id": "tier cake tin"}, {"id": "rectangle chalkboard"}, {"id": "retrospot cake stand"}, {"id": "guard mug"}, {"id": "spaceboy tissue"}, {"id": "biscuit tin"}, {"id": "childrens cutlery polkadot"}, {"id": "childrens cutlery retrospot"}], "links": [{"weight": 47, "source": "hanging heart tlight holder", "target": "heart wicker"}, {"weight": 26, "source": "hanging heart tlight holder", "target": "heart chalkboard"}, {"weight": 26, "source": "hanging heart tlight holder", "target": "candleholder hanging heart"}, {"weight": 21, "source": "hanging heart tlight holder", "target": "rex cashcarry shopper"}, {"weight": 21, "source": "hanging heart tlight holder", "target": "kitchen scale"}, {"weight": 18, "source": "hanging heart tlight holder", "target": "heart water bottle"}, {"weight": 18, "source": "hanging heart tlight holder", "target": "party bunting"}, {"weight": 17, "source": "hanging heart tlight holder", "target": "bird ornament"}, {"weight": 15, "source": "hanging heart tlight holder", "target": "regency cakestand tier"}, {"weight": 15, "source": "hanging heart tlight holder", "target": "wicker heart"}, {"weight": 14, "source": "hanging heart tlight holder", "target": "water bottle"}, {"weight": 14, "source": "hanging heart tlight holder", "target": "bag retrospot"}, {"weight": 14, "source": "hanging heart tlight holder", "target": "zinc heart decoration"}, {"weight": 14, "source": "hanging heart tlight holder", "target": "wooden frame antique"}, {"weight": 14, "source": "hanging heart tlight holder", "target": "heart card holder"}, {"weight": 13, "source": "hanging heart tlight holder", "target": "lovebird hanging decoration"}, {"weight": 13, "source": "hanging heart tlight holder", "target": "alarm clock bakelike"}, {"weight": 13, "source": "hanging heart tlight holder", "target": "gazebo"}, {"weight": 13, "source": "hanging heart tlight holder", "target": "person metal sign"}, {"weight": 13, "source": "hanging heart tlight holder", "target": "gardener kneeling pad calm"}, {"weight": 12, "source": "hanging heart tlight holder", "target": "heart design tissue"}, {"weight": 12, "source": "hanging heart tlight holder", "target": "painted metal"}, {"weight": 12, "source": "hanging heart tlight holder", "target": "retrospot glass bowl"}, {"weight": 12, "source": "hanging heart tlight holder", "target": "heart trellis"}, {"weight": 12, "source": "hanging heart tlight holder", "target": "trinket box"}, {"weight": 12, "source": "hanging heart tlight holder", "target": "heart"}, {"weight": 11, "source": "hanging heart tlight holder", "target": "jam making jar"}, {"weight": 11, "source": "hanging heart tlight holder", "target": "lunch bag spaceboy design"}, {"weight": 11, "source": "hanging heart tlight holder", "target": "wicker star"}, {"weight": 11, "source": "hanging heart tlight holder", "target": "photo frame cornice"}, {"weight": 11, "source": "hanging heart tlight holder", "target": "cake tin pantry design"}, {"weight": 10, "source": "hanging heart tlight holder", "target": "holder"}, {"weight": 10, "source": "hanging heart tlight holder", "target": "homemade jam scented candle"}, {"weight": 10, "source": "hanging heart tlight holder", "target": "england"}, {"weight": 10, "source": "hanging heart tlight holder", "target": "lunch bag car"}, {"weight": 10, "source": "hanging heart tlight holder", "target": "clothes peg retrospot"}, {"weight": 10, "source": "hanging heart tlight holder", "target": "picture frame"}, {"weight": 10, "source": "hanging heart tlight holder", "target": "sweetheart mini chest"}, {"weight": 10, "source": "hanging heart tlight holder", "target": "baking piece retrospot"}, {"weight": 9, "source": "hanging heart tlight holder", "target": "gin metal sign"}, {"weight": 9, "source": "hanging heart tlight holder", "target": "heart decoration"}, {"weight": 9, "source": "hanging heart tlight holder", "target": "cook metal sign"}, {"weight": 9, "source": "hanging heart tlight holder", "target": "pencil tube retrospot"}, {"weight": 9, "source": "hanging heart tlight holder", "target": "lunch bag polkadot"}, {"weight": 9, "source": "hanging heart tlight holder", "target": "heart filigree dove"}, {"weight": 9, "source": "hanging heart tlight holder", "target": "heart hanging decoration rustic"}, {"weight": 9, "source": "hanging heart tlight holder", "target": "pottering shed metal sign"}, {"weight": 9, "source": "hanging heart tlight holder", "target": "holiday metal sign"}, {"weight": 9, "source": "hanging heart tlight holder", "target": "water bottle poorly"}, {"weight": 9, "source": "hanging heart tlight holder", "target": "gentleman metal sign"}, {"weight": 9, "source": "hanging heart tlight holder", "target": "singing metal sign"}, {"weight": 9, "source": "hanging heart tlight holder", "target": "hanging heart lantern"}, {"weight": 9, "source": "hanging heart tlight holder", "target": "heart butterfly"}, {"weight": 9, "source": "hanging heart tlight holder", "target": "water bottle calm"}, {"weight": 8, "source": "hanging heart tlight holder", "target": "heart cookie cutter"}, {"weight": 8, "source": "hanging heart tlight holder", "target": "plaster tin vintage paisley"}, {"weight": 8, "source": "hanging heart tlight holder", "target": "storage bag skull"}, {"weight": 8, "source": "hanging heart tlight holder", "target": "lunch bag skull"}, {"weight": 8, "source": "hanging heart tlight holder", "target": "hand sign"}, {"weight": 8, "source": "hanging heart tlight holder", "target": "hanging heart zinc tlight holder"}, {"weight": 8, "source": "hanging heart tlight holder", "target": "pencil tube skull"}, {"weight": 8, "source": "hanging heart tlight holder", "target": "diner wall clock"}, {"weight": 8, "source": "hanging heart tlight holder", "target": "metal sign leave"}, {"weight": 8, "source": "hanging heart tlight holder", "target": "paper napkin"}, {"weight": 8, "source": "hanging heart tlight holder", "target": "enamel flower jug"}, {"weight": 8, "source": "hanging heart tlight holder", "target": "retrospot paper napkin"}, {"weight": 8, "source": "hanging heart tlight holder", "target": "hanging heart jar tlight holder"}, {"weight": 8, "source": "hanging heart tlight holder", "target": "feltcraft princess charlotte doll"}, {"weight": 8, "source": "hanging heart tlight holder", "target": "retrospot pc"}, {"weight": 32, "source": "heart wicker", "target": "wicker heart"}, {"weight": 27, "source": "heart wicker", "target": "wicker star"}, {"weight": 26, "source": "heart wicker", "target": "heart chalkboard"}, {"weight": 26, "source": "heart wicker", "target": "heart decoration"}, {"weight": 23, "source": "heart wicker", "target": "rex cashcarry shopper"}, {"weight": 19, "source": "heart wicker", "target": "zinc heart decoration"}, {"weight": 19, "source": "heart wicker", "target": "heart water bottle"}, {"weight": 18, "source": "heart wicker", "target": "heart hanging decoration rustic"}, {"weight": 18, "source": "heart wicker", "target": "bird ornament"}, {"weight": 16, "source": "heart wicker", "target": "star christmas scandinavian"}, {"weight": 15, "source": "heart wicker", "target": "heart card holder"}, {"weight": 15, "source": "heart wicker", "target": "water bottle"}, {"weight": 15, "source": "heart wicker", "target": "kitchen scale"}, {"weight": 14, "source": "heart wicker", "target": "gardener kneeling pad calm"}, {"weight": 13, "source": "heart wicker", "target": "person metal sign"}, {"weight": 13, "source": "heart wicker", "target": "tree christmas scandinavian"}, {"weight": 13, "source": "heart wicker", "target": "jam making printed"}, {"weight": 13, "source": "heart wicker", "target": "heart christmas scandinavian"}, {"weight": 13, "source": "heart wicker", "target": "metal hook hanger chateau"}, {"weight": 12, "source": "heart wicker", "target": "hand sign"}, {"weight": 12, "source": "heart wicker", "target": "cake tin pantry design"}, {"weight": 12, "source": "heart wicker", "target": "baking piece retrospot"}, {"weight": 12, "source": "heart wicker", "target": "jingle bell heart decoration"}, {"weight": 11, "source": "heart wicker", "target": "heart design tissue"}, {"weight": 11, "source": "heart wicker", "target": "alarm clock bakelike"}, {"weight": 11, "source": "heart wicker", "target": "bag"}, {"weight": 11, "source": "heart wicker", "target": "cake case vintage christmas"}, {"weight": 11, "source": "heart wicker", "target": "retrospot cake case"}, {"weight": 11, "source": "heart wicker", "target": "trinket box"}, {"weight": 11, "source": "heart wicker", "target": "photo frame cornice"}, {"weight": 11, "source": "heart wicker", "target": "party bunting"}, {"weight": 11, "source": "heart wicker", "target": "heart wreath"}, {"weight": 10, "source": "heart wicker", "target": "enamel flower jug"}, {"weight": 10, "source": "heart wicker", "target": "wood board finish"}, {"weight": 10, "source": "heart wicker", "target": "heart trellis"}, {"weight": 10, "source": "heart wicker", "target": "pottering shed metal sign"}, {"weight": 10, "source": "heart wicker", "target": "candleholder hanging heart"}, {"weight": 10, "source": "heart wicker", "target": "ribbon charm"}, {"weight": 10, "source": "heart wicker", "target": "teatime fairy cake case"}, {"weight": 10, "source": "heart wicker", "target": "wooden frame antique"}, {"weight": 10, "source": "heart wicker", "target": "wood garden plant ladder"}, {"weight": 10, "source": "heart wicker", "target": "gentleman metal sign"}, {"weight": 10, "source": "heart wicker", "target": "dog water bottle"}, {"weight": 10, "source": "heart wicker", "target": "retrospot pc"}, {"weight": 10, "source": "heart wicker", "target": "pencil tube retrospot"}, {"weight": 10, "source": "heart wicker", "target": "clothes peg retrospot"}, {"weight": 10, "source": "heart wicker", "target": "heart decoration hanging"}, {"weight": 10, "source": "heart wicker", "target": "antique tlight glass"}, {"weight": 10, "source": "heart wicker", "target": "bag christmas"}, {"weight": 10, "source": "heart wicker", "target": "mini loaf baking case"}, {"weight": 10, "source": "heart wicker", "target": "water bottle calm"}, {"weight": 10, "source": "heart wicker", "target": "heart shaped holly"}, {"weight": 9, "source": "heart wicker", "target": "garden thermometer"}, {"weight": 9, "source": "heart wicker", "target": "gin metal sign"}, {"weight": 9, "source": "heart wicker", "target": "heart cookie cutter"}, {"weight": 9, "source": "heart wicker", "target": "holder"}, {"weight": 9, "source": "heart wicker", "target": "storage box"}, {"weight": 9, "source": "heart wicker", "target": "paper chain christmas"}, {"weight": 9, "source": "heart wicker", "target": "lovebird hanging decoration"}, {"weight": 9, "source": "heart wicker", "target": "childrens apron design"}, {"weight": 9, "source": "heart wicker", "target": "holiday metal sign"}, {"weight": 9, "source": "heart wicker", "target": "lunch bag car"}, {"weight": 9, "source": "heart wicker", "target": "ribbon"}, {"weight": 9, "source": "heart wicker", "target": "doorstop retrospot heart"}, {"weight": 9, "source": "heart wicker", "target": "wicker wreath"}, {"weight": 9, "source": "heart wicker", "target": "butterfly cookie cutter"}, {"weight": 9, "source": "heart wicker", "target": "love building block word"}, {"weight": 9, "source": "heart wicker", "target": "school colouring"}, {"weight": 9, "source": "heart wicker", "target": "regency cakestand tier"}, {"weight": 9, "source": "heart wicker", "target": "gardener kneeling cup"}, {"weight": 9, "source": "heart wicker", "target": "childrens cutlery dolly"}, {"weight": 9, "source": "heart wicker", "target": "pantry design cake case"}, {"weight": 8, "source": "heart wicker", "target": "retrospot tube match"}, {"weight": 8, "source": "heart wicker", "target": "paper chain vintage christmas"}, {"weight": 8, "source": "heart wicker", "target": "cake childrens apron"}, {"weight": 8, "source": "heart wicker", "target": "sweetheart fairy cake case"}, {"weight": 8, "source": "heart wicker", "target": "vintage christmas napkin"}, {"weight": 8, "source": "heart wicker", "target": "sweetheart mini chest"}, {"weight": 8, "source": "heart wicker", "target": "chocolatecandle"}, {"weight": 8, "source": "heart wicker", "target": "ribbon reel stripe design"}, {"weight": 8, "source": "heart wicker", "target": "paper napkin"}, {"weight": 8, "source": "heart wicker", "target": "hanging heart jar tlight holder"}, {"weight": 8, "source": "heart wicker", "target": "cook metal sign"}, {"weight": 8, "source": "heart wicker", "target": "baby bunting"}, {"weight": 43, "source": "regency cakestand tier", "target": "regency teacup saucer"}, {"weight": 24, "source": "regency cakestand tier", "target": "cake tin pantry design"}, {"weight": 20, "source": "regency cakestand tier", "target": "regency cake tin"}, {"weight": 18, "source": "regency cakestand tier", "target": "jam making jar"}, {"weight": 17, "source": "regency cakestand tier", "target": "kitchen scale"}, {"weight": 16, "source": "regency cakestand tier", "target": "party bunting"}, {"weight": 14, "source": "regency cakestand tier", "target": "bird ornament"}, {"weight": 13, "source": "regency cakestand tier", "target": "water bottle"}, {"weight": 13, "source": "regency cakestand tier", "target": "regency plate"}, {"weight": 12, "source": "regency cakestand tier", "target": "baking piece retrospot"}, {"weight": 12, "source": "regency cakestand tier", "target": "regency teapot"}, {"weight": 11, "source": "regency cakestand tier", "target": "homemade jam scented candle"}, {"weight": 11, "source": "regency cakestand tier", "target": "paper doily"}, {"weight": 11, "source": "regency cakestand tier", "target": "gin metal sign"}, {"weight": 10, "source": "regency cakestand tier", "target": "wooden frame antique"}, {"weight": 10, "source": "regency cakestand tier", "target": "wood garden plant ladder"}, {"weight": 10, "source": "regency cakestand tier", "target": "metal birdcage plant holder"}, {"weight": 10, "source": "regency cakestand tier", "target": "enamel flower jug"}, {"weight": 9, "source": "regency cakestand tier", "target": "recipe box pantry design"}, {"weight": 9, "source": "regency cakestand tier", "target": "sweetheart mini chest"}, {"weight": 9, "source": "regency cakestand tier", "target": "wood board finish"}, {"weight": 9, "source": "regency cakestand tier", "target": "person metal sign"}, {"weight": 9, "source": "regency cakestand tier", "target": "diner wall clock"}, {"weight": 9, "source": "regency cakestand tier", "target": "trinket box"}, {"weight": 9, "source": "regency cakestand tier", "target": "dog water bottle"}, {"weight": 9, "source": "regency cakestand tier", "target": "doormat calm come"}, {"weight": 9, "source": "regency cakestand tier", "target": "regency sugar bowl"}, {"weight": 8, "source": "regency cakestand tier", "target": "england"}, {"weight": 8, "source": "regency cakestand tier", "target": "parasol"}, {"weight": 8, "source": "regency cakestand tier", "target": "heart water bottle"}, {"weight": 8, "source": "regency cakestand tier", "target": "sweetheart cakestand tier"}, {"weight": 8, "source": "regency cakestand tier", "target": "spice tin pantry design"}, {"weight": 8, "source": "regency cakestand tier", "target": "jam making printed"}, {"weight": 8, "source": "regency cakestand tier", "target": "heart decoration"}, {"weight": 8, "source": "regency cakestand tier", "target": "retrospot cake stand"}, {"weight": 8, "source": "regency cakestand tier", "target": "cook metal sign"}, {"weight": 8, "source": "regency cakestand tier", "target": "paisley flower doily"}, {"weight": 17, "source": "regency teacup saucer", "target": "regency plate"}, {"weight": 16, "source": "regency teacup saucer", "target": "regency teapot"}, {"weight": 14, "source": "regency teacup saucer", "target": "regency sugar bowl"}, {"weight": 12, "source": "regency teacup saucer", "target": "regency cake tin"}, {"weight": 10, "source": "regency teacup saucer", "target": "regency milk jug"}, {"weight": 9, "source": "regency teacup saucer", "target": "cake tin pantry design"}, {"weight": 9, "source": "regency teacup saucer", "target": "kitchen scale"}, {"weight": 8, "source": "regency teacup saucer", "target": "jam making jar"}, {"weight": 39, "source": "heart christmas scandinavian", "target": "star christmas scandinavian"}, {"weight": 26, "source": "heart christmas scandinavian", "target": "tree christmas scandinavian"}, {"weight": 22, "source": "heart christmas scandinavian", "target": "heart decoration"}, {"weight": 14, "source": "heart christmas scandinavian", "target": "bird ornament"}, {"weight": 11, "source": "heart christmas scandinavian", "target": "retrospot cake case"}, {"weight": 10, "source": "heart christmas scandinavian", "target": "pencil tube retrospot"}, {"weight": 9, "source": "heart christmas scandinavian", "target": "hand warmer owl design"}, {"weight": 9, "source": "heart christmas scandinavian", "target": "jingle bell heart antique"}, {"weight": 9, "source": "heart christmas scandinavian", "target": "zinc heart decoration"}, {"weight": 8, "source": "heart christmas scandinavian", "target": "hand warmer scotty dog design"}, {"weight": 31, "source": "star christmas scandinavian", "target": "tree christmas scandinavian"}, {"weight": 17, "source": "star christmas scandinavian", "target": "heart decoration"}, {"weight": 15, "source": "star christmas scandinavian", "target": "bird ornament"}, {"weight": 38, "source": "bird ornament", "target": "painted metal"}, {"weight": 16, "source": "bird ornament", "target": "party bunting"}, {"weight": 13, "source": "bird ornament", "target": "tree christmas scandinavian"}, {"weight": 13, "source": "bird ornament", "target": "antique tlight glass"}, {"weight": 11, "source": "bird ornament", "target": "jam making jar"}, {"weight": 11, "source": "bird ornament", "target": "rex cashcarry shopper"}, {"weight": 11, "source": "bird ornament", "target": "lovebird hanging decoration"}, {"weight": 11, "source": "bird ornament", "target": "heart decoration"}, {"weight": 10, "source": "bird ornament", "target": "gift tag"}, {"weight": 10, "source": "bird ornament", "target": "baking piece retrospot"}, {"weight": 9, "source": "bird ornament", "target": "heart filigree dove"}, {"weight": 9, "source": "bird ornament", "target": "paisley cake case"}, {"weight": 9, "source": "bird ornament", "target": "paper chain christmas"}, {"weight": 9, "source": "bird ornament", "target": "ribbon reel stripe design"}, {"weight": 9, "source": "bird ornament", "target": "retrospot pc"}, {"weight": 8, "source": "bird ornament", "target": "heart trellis"}, {"weight": 8, "source": "bird ornament", "target": "holder"}, {"weight": 8, "source": "bird ornament", "target": "retrospot cake case"}, {"weight": 8, "source": "bird ornament", "target": "heart chalkboard"}, {"weight": 8, "source": "bird ornament", "target": "water bottle"}, {"weight": 8, "source": "bird ornament", "target": "ribbon charm"}, {"weight": 8, "source": "bird ornament", "target": "zinc heart decoration"}, {"weight": 8, "source": "bird ornament", "target": "hanging jam jar tlight holder"}, {"weight": 8, "source": "bird ornament", "target": "wicker heart"}, {"weight": 8, "source": "bird ornament", "target": "cake tin pantry design"}, {"weight": 38, "source": "baking piece retrospot", "target": "baking spaceboy design"}, {"weight": 27, "source": "baking piece retrospot", "target": "retrospot pc"}, {"weight": 17, "source": "baking piece retrospot", "target": "cake tin pantry design"}, {"weight": 15, "source": "baking piece retrospot", "target": "pencil tube retrospot"}, {"weight": 13, "source": "baking piece retrospot", "target": "retrospot mini case"}, {"weight": 13, "source": "baking piece retrospot", "target": "retrospot cake case"}, {"weight": 12, "source": "baking piece retrospot", "target": "kitchen scale"}, {"weight": 12, "source": "baking piece retrospot", "target": "childrens cutlery dolly"}, {"weight": 11, "source": "baking piece retrospot", "target": "plaster tin vintage paisley"}, {"weight": 11, "source": "baking piece retrospot", "target": "rex cashcarry shopper"}, {"weight": 11, "source": "baking piece retrospot", "target": "knitting nancy"}, {"weight": 11, "source": "baking piece retrospot", "target": "childrens cutlery spaceboy"}, {"weight": 11, "source": "baking piece retrospot", "target": "bunting"}, {"weight": 10, "source": "baking piece retrospot", "target": "cotton bag"}, {"weight": 10, "source": "baking piece retrospot", "target": "felt craft trinket box"}, {"weight": 10, "source": "baking piece retrospot", "target": "pencil tube woodland"}, {"weight": 10, "source": "baking piece retrospot", "target": "wooden skipping rope"}, {"weight": 10, "source": "baking piece retrospot", "target": "soldier skittle"}, {"weight": 10, "source": "baking piece retrospot", "target": "vintage snap card"}, {"weight": 10, "source": "baking piece retrospot", "target": "sweetheart mini chest"}, {"weight": 9, "source": "baking piece retrospot", "target": "lunch bag car"}, {"weight": 9, "source": "baking piece retrospot", "target": "lunch bag retrospot"}, {"weight": 9, "source": "baking piece retrospot", "target": "zinc heart decoration"}, {"weight": 9, "source": "baking piece retrospot", "target": "pencil tube skull"}, {"weight": 9, "source": "baking piece retrospot", "target": "childrens apron design"}, {"weight": 9, "source": "baking piece retrospot", "target": "party bunting"}, {"weight": 9, "source": "baking piece retrospot", "target": "child breakfast dolly"}, {"weight": 9, "source": "baking piece retrospot", "target": "heart chalkboard"}, {"weight": 9, "source": "baking piece retrospot", "target": "cake childrens apron"}, {"weight": 9, "source": "baking piece retrospot", "target": "paisley cake case"}, {"weight": 8, "source": "baking piece retrospot", "target": "paper bunting retrospot"}, {"weight": 8, "source": "baking piece retrospot", "target": "plaster tin woodland animal"}, {"weight": 8, "source": "baking piece retrospot", "target": "retrospot glass bowl"}, {"weight": 8, "source": "baking piece retrospot", "target": "colour mini case"}, {"weight": 8, "source": "baking piece retrospot", "target": "harmonica box"}, {"weight": 8, "source": "baking piece retrospot", "target": "vintage snake ladder"}, {"weight": 8, "source": "baking spaceboy design", "target": "childrens apron design"}, {"weight": 8, "source": "baking spaceboy design", "target": "retrospot pc"}, {"weight": 35, "source": "dog water bottle", "target": "water bottle"}, {"weight": 24, "source": "dog water bottle", "target": "heart water bottle"}, {"weight": 20, "source": "dog water bottle", "target": "water bottle poorly"}, {"weight": 16, "source": "dog water bottle", "target": "water bottle calm"}, {"weight": 14, "source": "dog water bottle", "target": "love water bottle"}, {"weight": 12, "source": "dog water bottle", "target": "water bottle sympathy"}, {"weight": 10, "source": "dog water bottle", "target": "skull water bottle"}, {"weight": 8, "source": "dog water bottle", "target": "hand warmer scotty dog design"}, {"weight": 8, "source": "dog water bottle", "target": "knitted union flag water bottle"}, {"weight": 8, "source": "dog water bottle", "target": "jam making jar"}, {"weight": 8, "source": "dog water bottle", "target": "chocolatecandle"}, {"weight": 32, "source": "water bottle", "target": "heart water bottle"}, {"weight": 27, "source": "water bottle", "target": "water bottle poorly"}, {"weight": 23, "source": "water bottle", "target": "water bottle calm"}, {"weight": 19, "source": "water bottle", "target": "water bottle sympathy"}, {"weight": 16, "source": "water bottle", "target": "love water bottle"}, {"weight": 14, "source": "water bottle", "target": "rex cashcarry shopper"}, {"weight": 12, "source": "water bottle", "target": "skull water bottle"}, {"weight": 12, "source": "water bottle", "target": "hand warmer bird design"}, {"weight": 10, "source": "water bottle", "target": "hand warmer scotty dog design"}, {"weight": 10, "source": "water bottle", "target": "hand warmer owl design"}, {"weight": 10, "source": "water bottle", "target": "chocolatecandle"}, {"weight": 10, "source": "water bottle", "target": "chick water bottle"}, {"weight": 9, "source": "water bottle", "target": "pencil tube retrospot"}, {"weight": 9, "source": "water bottle", "target": "hand warmer love heart"}, {"weight": 9, "source": "water bottle", "target": "retrospot pc"}, {"weight": 8, "source": "water bottle", "target": "hand warmer union jack"}, {"weight": 8, "source": "water bottle", "target": "holder"}, {"weight": 8, "source": "water bottle", "target": "hand warmer retrospot"}, {"weight": 8, "source": "water bottle", "target": "heart design tissue"}, {"weight": 8, "source": "water bottle", "target": "knitted union flag water bottle"}, {"weight": 8, "source": "water bottle", "target": "bird house water bottle"}, {"weight": 34, "source": "paper chain christmas", "target": "paper chain vintage christmas"}, {"weight": 21, "source": "paper chain christmas", "target": "cake case vintage christmas"}, {"weight": 21, "source": "paper chain christmas", "target": "vintage christmas napkin"}, {"weight": 20, "source": "paper chain christmas", "target": "bag christmas"}, {"weight": 14, "source": "paper chain christmas", "target": "gift tag christmas"}, {"weight": 13, "source": "paper chain christmas", "target": "box mini cracker"}, {"weight": 13, "source": "paper chain christmas", "target": "roll wrap christmas"}, {"weight": 12, "source": "paper chain christmas", "target": "paper chain retrospot"}, {"weight": 12, "source": "paper chain christmas", "target": "christmas cracker"}, {"weight": 12, "source": "paper chain christmas", "target": "gardener kneeling pad calm"}, {"weight": 12, "source": "paper chain christmas", "target": "ribbon vintage christmas"}, {"weight": 12, "source": "paper chain christmas", "target": "water bottle calm"}, {"weight": 11, "source": "paper chain christmas", "target": "holder"}, {"weight": 11, "source": "paper chain christmas", "target": "jam making printed"}, {"weight": 10, "source": "paper chain christmas", "target": "heart water bottle"}, {"weight": 10, "source": "paper chain christmas", "target": "bag vintage christmas"}, {"weight": 10, "source": "paper chain christmas", "target": "doily vintage christmas"}, {"weight": 10, "source": "paper chain christmas", "target": "bag alphabet"}, {"weight": 10, "source": "paper chain christmas", "target": "vintage christmas cake frill"}, {"weight": 10, "source": "paper chain christmas", "target": "love water bottle"}, {"weight": 10, "source": "paper chain christmas", "target": "box mini vintage cracker"}, {"weight": 9, "source": "paper chain christmas", "target": "jam making jar"}, {"weight": 9, "source": "paper chain christmas", "target": "feltcraft christmas fairy"}, {"weight": 9, "source": "paper chain christmas", "target": "ribbon charm"}, {"weight": 9, "source": "paper chain christmas", "target": "school colouring"}, {"weight": 9, "source": "paper chain christmas", "target": "vintage head tail card game"}, {"weight": 9, "source": "paper chain christmas", "target": "vintage snap card"}, {"weight": 8, "source": "paper chain christmas", "target": "box christmas pannetone"}, {"weight": 8, "source": "paper chain christmas", "target": "plaster tin vintage paisley"}, {"weight": 8, "source": "paper chain christmas", "target": "bag"}, {"weight": 8, "source": "paper chain christmas", "target": "hand warmer union jack"}, {"weight": 8, "source": "paper chain christmas", "target": "heart hanging decoration rustic"}, {"weight": 8, "source": "paper chain christmas", "target": "message card envelope"}, {"weight": 8, "source": "paper chain christmas", "target": "christmas ribbon"}, {"weight": 8, "source": "paper chain christmas", "target": "knitting nancy"}, {"weight": 21, "source": "paper chain vintage christmas", "target": "cake case vintage christmas"}, {"weight": 21, "source": "paper chain vintage christmas", "target": "vintage christmas napkin"}, {"weight": 16, "source": "paper chain vintage christmas", "target": "ribbon vintage christmas"}, {"weight": 12, "source": "paper chain vintage christmas", "target": "box mini vintage cracker"}, {"weight": 11, "source": "paper chain vintage christmas", "target": "jam making jar"}, {"weight": 11, "source": "paper chain vintage christmas", "target": "doily vintage christmas"}, {"weight": 10, "source": "paper chain vintage christmas", "target": "christmas ribbon"}, {"weight": 10, "source": "paper chain vintage christmas", "target": "rex cashcarry shopper"}, {"weight": 10, "source": "paper chain vintage christmas", "target": "ribbon reel christmas sock bauble"}, {"weight": 10, "source": "paper chain vintage christmas", "target": "box mini cracker"}, {"weight": 10, "source": "paper chain vintage christmas", "target": "christmas cracker"}, {"weight": 9, "source": "paper chain vintage christmas", "target": "christmas metal tag"}, {"weight": 9, "source": "paper chain vintage christmas", "target": "christmas stamp sticker"}, {"weight": 9, "source": "paper chain vintage christmas", "target": "holder"}, {"weight": 9, "source": "paper chain vintage christmas", "target": "ribbon reel christmas present"}, {"weight": 9, "source": "paper chain vintage christmas", "target": "ribbon charm"}, {"weight": 9, "source": "paper chain vintage christmas", "target": "gift tag vintage christmas"}, {"weight": 8, "source": "paper chain vintage christmas", "target": "jam making printed"}, {"weight": 8, "source": "paper chain vintage christmas", "target": "paper chain retrospot"}, {"weight": 8, "source": "paper chain vintage christmas", "target": "ribbon reel village"}, {"weight": 18, "source": "heart water bottle", "target": "water bottle calm"}, {"weight": 16, "source": "heart water bottle", "target": "water bottle poorly"}, {"weight": 16, "source": "heart water bottle", "target": "love water bottle"}, {"weight": 12, "source": "heart water bottle", "target": "water bottle sympathy"}, {"weight": 11, "source": "heart water bottle", "target": "vintage snap card"}, {"weight": 10, "source": "heart water bottle", "target": "skull water bottle"}, {"weight": 10, "source": "heart water bottle", "target": "rex cashcarry shopper"}, {"weight": 10, "source": "heart water bottle", "target": "heart"}, {"weight": 10, "source": "heart water bottle", "target": "cake tin pantry design"}, {"weight": 9, "source": "heart water bottle", "target": "chocolatecandle"}, {"weight": 9, "source": "heart water bottle", "target": "heart design tissue"}, {"weight": 8, "source": "heart water bottle", "target": "hour cigar box match"}, {"weight": 8, "source": "heart water bottle", "target": "london tissue"}, {"weight": 8, "source": "heart water bottle", "target": "jam making jar"}, {"weight": 8, "source": "heart water bottle", "target": "knitted union flag water bottle"}, {"weight": 8, "source": "heart water bottle", "target": "sewing box"}, {"weight": 17, "source": "wicker heart", "target": "heart decoration"}, {"weight": 12, "source": "wicker heart", "target": "zinc heart decoration"}, {"weight": 10, "source": "wicker heart", "target": "rex cashcarry shopper"}, {"weight": 8, "source": "wicker heart", "target": "jam making printed"}, {"weight": 8, "source": "wicker heart", "target": "heart chalkboard"}, {"weight": 11, "source": "tree christmas scandinavian", "target": "heart decoration"}, {"weight": 8, "source": "tree christmas scandinavian", "target": "zinc heart decoration"}, {"weight": 19, "source": "water bottle poorly", "target": "water bottle calm"}, {"weight": 17, "source": "water bottle poorly", "target": "water bottle sympathy"}, {"weight": 9, "source": "water bottle poorly", "target": "love water bottle"}, {"weight": 8, "source": "water bottle poorly", "target": "cake tin pantry design"}, {"weight": 27, "source": "pencil tube retrospot", "target": "pencil tube skull"}, {"weight": 17, "source": "pencil tube retrospot", "target": "pencil tube woodland"}, {"weight": 13, "source": "pencil tube retrospot", "target": "retrospot cake case"}, {"weight": 13, "source": "pencil tube retrospot", "target": "rex cashcarry shopper"}, {"weight": 10, "source": "pencil tube retrospot", "target": "retrospot paper napkin"}, {"weight": 10, "source": "pencil tube retrospot", "target": "childrens cutlery dolly"}, {"weight": 9, "source": "pencil tube retrospot", "target": "paisley cake case"}, {"weight": 8, "source": "pencil tube retrospot", "target": "kitchen scale"}, {"weight": 8, "source": "pencil tube retrospot", "target": "heart design tissue"}, {"weight": 8, "source": "pencil tube retrospot", "target": "photo frame cornice"}, {"weight": 12, "source": "pencil tube skull", "target": "pencil tube woodland"}, {"weight": 9, "source": "pencil tube skull", "target": "rex cashcarry shopper"}, {"weight": 8, "source": "pencil tube skull", "target": "plaster tin skull"}, {"weight": 8, "source": "pencil tube skull", "target": "skull lunch box cutlery"}, {"weight": 8, "source": "pencil tube skull", "target": "skull tissue"}, {"weight": 10, "source": "wicker star", "target": "rex cashcarry shopper"}, {"weight": 9, "source": "wicker star", "target": "bag christmas"}, {"weight": 11, "source": "retrospot pc", "target": "jam making printed"}, {"weight": 9, "source": "retrospot pc", "target": "retrospot cake case"}, {"weight": 9, "source": "retrospot pc", "target": "party bunting"}, {"weight": 8, "source": "retrospot pc", "target": "plaster tin vintage paisley"}, {"weight": 8, "source": "retrospot pc", "target": "retrospot glass bowl"}, {"weight": 27, "source": "childrens cutlery dolly", "target": "childrens cutlery spaceboy"}, {"weight": 13, "source": "childrens cutlery dolly", "target": "childrens cutlery circus parade"}, {"weight": 9, "source": "childrens cutlery dolly", "target": "bunting"}, {"weight": 12, "source": "childrens cutlery spaceboy", "target": "childrens cutlery circus parade"}, {"weight": 15, "source": "heart chalkboard", "target": "chalkboard"}, {"weight": 12, "source": "heart chalkboard", "target": "heart card holder"}, {"weight": 11, "source": "heart chalkboard", "target": "party bunting"}, {"weight": 11, "source": "heart chalkboard", "target": "photo frame cornice"}, {"weight": 9, "source": "heart chalkboard", "target": "enamel flower jug"}, {"weight": 9, "source": "heart chalkboard", "target": "wood board finish"}, {"weight": 9, "source": "heart chalkboard", "target": "zinc heart decoration"}, {"weight": 9, "source": "heart chalkboard", "target": "heart design tissue"}, {"weight": 9, "source": "heart chalkboard", "target": "sweetheart mini chest"}, {"weight": 9, "source": "heart chalkboard", "target": "heart decoration"}, {"weight": 8, "source": "heart chalkboard", "target": "heart trellis"}, {"weight": 8, "source": "heart chalkboard", "target": "metal hook hanger chateau"}, {"weight": 13, "source": "heart decoration", "target": "zinc heart decoration"}, {"weight": 13, "source": "heart decoration", "target": "christmas gingham tree"}, {"weight": 13, "source": "heart decoration", "target": "christmas gingham star"}, {"weight": 12, "source": "heart decoration", "target": "tree decoration"}, {"weight": 11, "source": "heart decoration", "target": "rex cashcarry shopper"}, {"weight": 11, "source": "heart decoration", "target": "stocking decoration"}, {"weight": 11, "source": "heart decoration", "target": "zinc folkart bell"}, {"weight": 11, "source": "heart decoration", "target": "water bottle calm"}, {"weight": 10, "source": "heart decoration", "target": "christmas star list chalkboard"}, {"weight": 10, "source": "heart decoration", "target": "love water bottle"}, {"weight": 9, "source": "heart decoration", "target": "picture frame"}, {"weight": 9, "source": "heart decoration", "target": "heart antique"}, {"weight": 9, "source": "heart decoration", "target": "heart hanging decoration rustic"}, {"weight": 8, "source": "heart decoration", "target": "gin metal sign"}, {"weight": 8, "source": "heart decoration", "target": "chalkboard"}, {"weight": 26, "source": "cake case vintage christmas", "target": "vintage christmas napkin"}, {"weight": 17, "source": "cake case vintage christmas", "target": "doily vintage christmas"}, {"weight": 10, "source": "cake case vintage christmas", "target": "jam making jar"}, {"weight": 10, "source": "cake case vintage christmas", "target": "paisley cake case"}, {"weight": 10, "source": "cake case vintage christmas", "target": "retrospot cake case"}, {"weight": 10, "source": "cake case vintage christmas", "target": "box mini vintage cracker"}, {"weight": 9, "source": "cake case vintage christmas", "target": "ribbon reel christmas present"}, {"weight": 9, "source": "cake case vintage christmas", "target": "cake baking case"}, {"weight": 9, "source": "cake case vintage christmas", "target": "ribbon vintage christmas"}, {"weight": 9, "source": "cake case vintage christmas", "target": "vintage christmas cake frill"}, {"weight": 8, "source": "cake case vintage christmas", "target": "jam making printed"}, {"weight": 8, "source": "cake case vintage christmas", "target": "ribbon reel christmas sock bauble"}, {"weight": 18, "source": "vintage christmas napkin", "target": "box mini vintage cracker"}, {"weight": 15, "source": "vintage christmas napkin", "target": "doily vintage christmas"}, {"weight": 11, "source": "vintage christmas napkin", "target": "gift tag vintage christmas"}, {"weight": 10, "source": "vintage christmas napkin", "target": "jam making jar"}, {"weight": 10, "source": "vintage christmas napkin", "target": "hand warmer retrospot"}, {"weight": 10, "source": "vintage christmas napkin", "target": "ribbon vintage christmas"}, {"weight": 10, "source": "vintage christmas napkin", "target": "vintage christmas cake frill"}, {"weight": 10, "source": "vintage christmas napkin", "target": "cake tin pantry design"}, {"weight": 9, "source": "vintage christmas napkin", "target": "christmas light reindeer"}, {"weight": 9, "source": "vintage christmas napkin", "target": "vintage christmas stocking"}, {"weight": 9, "source": "vintage christmas napkin", "target": "bag christmas"}, {"weight": 9, "source": "vintage christmas napkin", "target": "roll wrap vintage christmas"}, {"weight": 8, "source": "vintage christmas napkin", "target": "alarm clock bakelike"}, {"weight": 8, "source": "vintage christmas napkin", "target": "jam making printed"}, {"weight": 26, "source": "picture frame", "target": "wooden frame antique"}, {"weight": 10, "source": "picture frame", "target": "photo frame cornice"}, {"weight": 8, "source": "picture frame", "target": "sweetheart mini chest"}, {"weight": 8, "source": "picture frame", "target": "party bunting"}, {"weight": 13, "source": "wooden frame antique", "target": "photo frame cornice"}, {"weight": 10, "source": "wooden frame antique", "target": "party bunting"}, {"weight": 9, "source": "wooden frame antique", "target": "wood board finish"}, {"weight": 8, "source": "wooden frame antique", "target": "jam making jar"}, {"weight": 8, "source": "wooden frame antique", "target": "hook photo shelf antique"}, {"weight": 8, "source": "wooden frame antique", "target": "picture frame wood portrait"}, {"weight": 8, "source": "wooden frame antique", "target": "sweetheart mini chest"}, {"weight": 8, "source": "wooden frame antique", "target": "wood drawer cabinet finish"}, {"weight": 25, "source": "cake baking case", "target": "mini loaf baking case"}, {"weight": 22, "source": "cake baking case", "target": "snack loaf baking case"}, {"weight": 21, "source": "cake baking case", "target": "time baking case"}, {"weight": 9, "source": "cake baking case", "target": "jam making printed"}, {"weight": 24, "source": "mini loaf baking case", "target": "snack loaf baking case"}, {"weight": 22, "source": "mini loaf baking case", "target": "time baking case"}, {"weight": 25, "source": "love water bottle", "target": "water bottle calm"}, {"weight": 12, "source": "love water bottle", "target": "skull water bottle"}, {"weight": 11, "source": "love water bottle", "target": "hand warmer love heart"}, {"weight": 10, "source": "love water bottle", "target": "water bottle sympathy"}, {"weight": 16, "source": "water bottle calm", "target": "playing card calm carry"}, {"weight": 14, "source": "water bottle calm", "target": "water bottle sympathy"}, {"weight": 14, "source": "water bottle calm", "target": "gardener kneeling pad calm"}, {"weight": 13, "source": "water bottle calm", "target": "doormat calm come"}, {"weight": 11, "source": "water bottle calm", "target": "hand warmer love heart"}, {"weight": 9, "source": "water bottle calm", "target": "hand warmer bird design"}, {"weight": 9, "source": "water bottle calm", "target": "cook metal sign"}, {"weight": 9, "source": "water bottle calm", "target": "playing card jubilee union jack"}, {"weight": 24, "source": "vintage head tail card game", "target": "vintage snap card"}, {"weight": 14, "source": "vintage head tail card game", "target": "harmonica box"}, {"weight": 13, "source": "vintage head tail card game", "target": "box domino"}, {"weight": 12, "source": "vintage head tail card game", "target": "picture domino"}, {"weight": 9, "source": "vintage head tail card game", "target": "knitting nancy"}, {"weight": 9, "source": "vintage head tail card game", "target": "world war glider asstd design"}, {"weight": 8, "source": "vintage head tail card game", "target": "school colouring"}, {"weight": 15, "source": "vintage snap card", "target": "picture domino"}, {"weight": 15, "source": "vintage snap card", "target": "harmonica box"}, {"weight": 14, "source": "vintage snap card", "target": "box domino"}, {"weight": 13, "source": "vintage snap card", "target": "head tail sporting fun"}, {"weight": 13, "source": "vintage snap card", "target": "school colouring"}, {"weight": 12, "source": "vintage snap card", "target": "spinning top"}, {"weight": 12, "source": "vintage snap card", "target": "knitting nancy"}, {"weight": 12, "source": "vintage snap card", "target": "crayon"}, {"weight": 11, "source": "vintage snap card", "target": "box vintage jigsaw block"}, {"weight": 10, "source": "vintage snap card", "target": "mini paint vintage"}, {"weight": 10, "source": "vintage snap card", "target": "world war glider asstd design"}, {"weight": 10, "source": "vintage snap card", "target": "vintage snake ladder"}, {"weight": 9, "source": "vintage snap card", "target": "box vintage alphabet block"}, {"weight": 9, "source": "vintage snap card", "target": "catch cup game"}, {"weight": 8, "source": "vintage snap card", "target": "soldier skittle"}, {"weight": 8, "source": "vintage snap card", "target": "cotton bag"}, {"weight": 8, "source": "vintage snap card", "target": "modelling"}, {"weight": 8, "source": "vintage snap card", "target": "bag swirly"}, {"weight": 8, "source": "vintage snap card", "target": "wooden skipping rope"}, {"weight": 21, "source": "cake tin pantry design", "target": "jam making jar"}, {"weight": 19, "source": "cake tin pantry design", "target": "recipe box pantry design"}, {"weight": 19, "source": "cake tin pantry design", "target": "spice tin pantry design"}, {"weight": 18, "source": "cake tin pantry design", "target": "regency cake tin"}, {"weight": 16, "source": "cake tin pantry design", "target": "kitchen scale"}, {"weight": 16, "source": "cake tin pantry design", "target": "jam making printed"}, {"weight": 16, "source": "cake tin pantry design", "target": "sugar tin pantry"}, {"weight": 13, "source": "cake tin pantry design", "target": "retrospot cake case"}, {"weight": 12, "source": "cake tin pantry design", "target": "pantry jelly mould"}, {"weight": 11, "source": "cake tin pantry design", "target": "alarm clock bakelike"}, {"weight": 11, "source": "cake tin pantry design", "target": "pantry design cake case"}, {"weight": 10, "source": "cake tin pantry design", "target": "paisley cake case"}, {"weight": 10, "source": "cake tin pantry design", "target": "teatime fairy cake case"}, {"weight": 10, "source": "cake tin pantry design", "target": "party bunting"}, {"weight": 9, "source": "cake tin pantry design", "target": "homemade jam scented candle"}, {"weight": 9, "source": "cake tin pantry design", "target": "man cookie cutter"}, {"weight": 9, "source": "cake tin pantry design", "target": "pantry design"}, {"weight": 9, "source": "cake tin pantry design", "target": "biscuit cutter"}, {"weight": 9, "source": "cake tin pantry design", "target": "bunting"}, {"weight": 9, "source": "cake tin pantry design", "target": "storage jar"}, {"weight": 8, "source": "cake tin pantry design", "target": "cake case"}, {"weight": 8, "source": "cake tin pantry design", "target": "retrospot glass bowl"}, {"weight": 8, "source": "cake tin pantry design", "target": "tier cake tin"}, {"weight": 8, "source": "cake tin pantry design", "target": "paper doily"}, {"weight": 8, "source": "cake tin pantry design", "target": "colour mini case"}, {"weight": 22, "source": "snack loaf baking case", "target": "time baking case"}, {"weight": 23, "source": "paisley cake case", "target": "retrospot cake case"}, {"weight": 16, "source": "paisley cake case", "target": "teatime fairy cake case"}, {"weight": 16, "source": "paisley cake case", "target": "cake case"}, {"weight": 14, "source": "paisley cake case", "target": "cake case dolly design"}, {"weight": 14, "source": "paisley cake case", "target": "spaceboy cake case"}, {"weight": 13, "source": "paisley cake case", "target": "sweetheart fairy cake case"}, {"weight": 12, "source": "paisley cake case", "target": "dinosaur cake case"}, {"weight": 10, "source": "paisley cake case", "target": "ribbon charm"}, {"weight": 8, "source": "paisley cake case", "target": "plaster tin vintage paisley"}, {"weight": 8, "source": "paisley cake case", "target": "homemade jam scented candle"}, {"weight": 19, "source": "retrospot cake case", "target": "teatime fairy cake case"}, {"weight": 14, "source": "retrospot cake case", "target": "cake case"}, {"weight": 13, "source": "retrospot cake case", "target": "dinosaur cake case"}, {"weight": 13, "source": "retrospot cake case", "target": "retrospot paper napkin"}, {"weight": 12, "source": "retrospot cake case", "target": "sweetheart fairy cake case"}, {"weight": 12, "source": "retrospot cake case", "target": "cake case dolly design"}, {"weight": 11, "source": "retrospot cake case", "target": "jam making printed"}, {"weight": 11, "source": "retrospot cake case", "target": "spaceboy cake case"}, {"weight": 10, "source": "retrospot cake case", "target": "retrospot paper doily"}, {"weight": 9, "source": "retrospot cake case", "target": "plaster tin vintage paisley"}, {"weight": 9, "source": "retrospot cake case", "target": "rex cashcarry shopper"}, {"weight": 9, "source": "retrospot cake case", "target": "pantry jelly mould"}, {"weight": 8, "source": "retrospot cake case", "target": "clothes peg retrospot"}, {"weight": 8, "source": "retrospot cake case", "target": "holder"}, {"weight": 8, "source": "retrospot cake case", "target": "retrospot glass bowl"}, {"weight": 8, "source": "retrospot cake case", "target": "kitchen scale"}, {"weight": 11, "source": "rex cashcarry shopper", "target": "holder"}, {"weight": 10, "source": "rex cashcarry shopper", "target": "heart design tissue"}, {"weight": 10, "source": "rex cashcarry shopper", "target": "plaster tin vintage paisley"}, {"weight": 10, "source": "rex cashcarry shopper", "target": "childrens apron design"}, {"weight": 10, "source": "rex cashcarry shopper", "target": "party bunting"}, {"weight": 9, "source": "rex cashcarry shopper", "target": "heart cookie cutter"}, {"weight": 9, "source": "rex cashcarry shopper", "target": "retrospot cigar box match"}, {"weight": 8, "source": "rex cashcarry shopper", "target": "storage box"}, {"weight": 8, "source": "rex cashcarry shopper", "target": "cake childrens apron"}, {"weight": 8, "source": "rex cashcarry shopper", "target": "zinc heart decoration"}, {"weight": 8, "source": "rex cashcarry shopper", "target": "teatime fairy cake case"}, {"weight": 8, "source": "rex cashcarry shopper", "target": "ribbon reel heart design"}, {"weight": 8, "source": "rex cashcarry shopper", "target": "lunch bag skull"}, {"weight": 8, "source": "rex cashcarry shopper", "target": "heart shaped balloon"}, {"weight": 23, "source": "jam making jar", "target": "jam making printed"}, {"weight": 15, "source": "jam making jar", "target": "spice tin pantry design"}, {"weight": 14, "source": "jam making jar", "target": "recipe box pantry design"}, {"weight": 13, "source": "jam making jar", "target": "kitchen scale"}, {"weight": 11, "source": "jam making jar", "target": "ribbon charm"}, {"weight": 10, "source": "jam making jar", "target": "homemade jam scented candle"}, {"weight": 10, "source": "jam making jar", "target": "party bunting"}, {"weight": 10, "source": "jam making jar", "target": "pantry design"}, {"weight": 9, "source": "jam making jar", "target": "pantry jelly mould"}, {"weight": 8, "source": "jam making jar", "target": "christmas light reindeer"}, {"weight": 8, "source": "jam making jar", "target": "lunch bag polkadot"}, {"weight": 8, "source": "jam making jar", "target": "alarm clock bakelike"}, {"weight": 8, "source": "jam making jar", "target": "garden thermometer"}, {"weight": 8, "source": "jam making jar", "target": "bread bin diner style"}, {"weight": 11, "source": "jam making printed", "target": "homemade jam scented candle"}, {"weight": 10, "source": "jam making printed", "target": "ribbon charm"}, {"weight": 10, "source": "jam making printed", "target": "recipe box pantry design"}, {"weight": 10, "source": "jam making printed", "target": "time baking case"}, {"weight": 9, "source": "jam making printed", "target": "paper doily"}, {"weight": 9, "source": "jam making printed", "target": "party bunting"}, {"weight": 9, "source": "jam making printed", "target": "regency cake tin"}, {"weight": 9, "source": "jam making printed", "target": "pantry shopping list"}, {"weight": 8, "source": "jam making printed", "target": "retrospot paper doily"}, {"weight": 8, "source": "jam making printed", "target": "bag"}, {"weight": 23, "source": "gardener kneeling cup", "target": "gardener kneeling pad calm"}, {"weight": 13, "source": "gardener kneeling pad calm", "target": "kneeling mat housework design"}, {"weight": 22, "source": "bag", "target": "bag retrospot"}, {"weight": 14, "source": "bag", "target": "bag alphabet"}, {"weight": 13, "source": "bag", "target": "bag polkadot"}, {"weight": 13, "source": "bag", "target": "lunch bag car"}, {"weight": 12, "source": "bag", "target": "vintage paisley"}, {"weight": 11, "source": "bag", "target": "bag baroque"}, {"weight": 11, "source": "bag", "target": "bag vintage"}, {"weight": 10, "source": "bag", "target": "storage bag suki"}, {"weight": 10, "source": "bag", "target": "bag woodland animal"}, {"weight": 10, "source": "bag", "target": "lunch bag retrospot"}, {"weight": 9, "source": "bag", "target": "bag vintage paisley"}, {"weight": 9, "source": "bag", "target": "retrospot glass bowl"}, {"weight": 9, "source": "bag", "target": "lunch bag suki design"}, {"weight": 9, "source": "bag", "target": "lunch bag design"}, {"weight": 8, "source": "bag", "target": "charlotte bag"}, {"weight": 8, "source": "bag", "target": "holder"}, {"weight": 18, "source": "bag retrospot", "target": "bag polkadot"}, {"weight": 16, "source": "bag retrospot", "target": "bag baroque"}, {"weight": 13, "source": "bag retrospot", "target": "storage bag suki"}, {"weight": 12, "source": "bag retrospot", "target": "vintage paisley"}, {"weight": 11, "source": "bag retrospot", "target": "bag alphabet"}, {"weight": 10, "source": "bag retrospot", "target": "bag vintage paisley"}, {"weight": 10, "source": "bag retrospot", "target": "bag paisley"}, {"weight": 9, "source": "bag retrospot", "target": "lunch bag car"}, {"weight": 9, "source": "bag retrospot", "target": "retrospot charlotte bag"}, {"weight": 8, "source": "bag retrospot", "target": "bag spaceboy design"}, {"weight": 8, "source": "bag retrospot", "target": "bag woodland animal"}, {"weight": 11, "source": "kitchen scale", "target": "alarm clock bakelike"}, {"weight": 11, "source": "kitchen scale", "target": "retrospot glass bowl"}, {"weight": 10, "source": "kitchen scale", "target": "diner wall clock"}, {"weight": 9, "source": "kitchen scale", "target": "bread bin"}, {"weight": 9, "source": "kitchen scale", "target": "bread bin diner style"}, {"weight": 8, "source": "kitchen scale", "target": "doormat union flag"}, {"weight": 8, "source": "kitchen scale", "target": "glass hanging tlight"}, {"weight": 8, "source": "kitchen scale", "target": "round cake tin vintage"}, {"weight": 21, "source": "playhouse bedroom", "target": "playhouse kitchen"}, {"weight": 15, "source": "playhouse bedroom", "target": "playhouse livingroom"}, {"weight": 9, "source": "playhouse bedroom", "target": "playhouse bathroom"}, {"weight": 16, "source": "playhouse kitchen", "target": "playhouse livingroom"}, {"weight": 13, "source": "playhouse kitchen", "target": "playhouse bathroom"}, {"weight": 21, "source": "lunch bag spaceboy design", "target": "lunch bag suki design"}, {"weight": 19, "source": "lunch bag spaceboy design", "target": "lunch bag dolly design"}, {"weight": 19, "source": "lunch bag spaceboy design", "target": "lunch bag car"}, {"weight": 17, "source": "lunch bag spaceboy design", "target": "lunch bag retrospot"}, {"weight": 15, "source": "lunch bag spaceboy design", "target": "lunch bag woodland"}, {"weight": 14, "source": "lunch bag spaceboy design", "target": "lunch bag skull"}, {"weight": 13, "source": "lunch bag spaceboy design", "target": "spaceboy lunch box"}, {"weight": 12, "source": "lunch bag spaceboy design", "target": "lunch bag polkadot"}, {"weight": 12, "source": "lunch bag spaceboy design", "target": "lunch bag alphabet design"}, {"weight": 10, "source": "lunch bag spaceboy design", "target": "dolly lunch box"}, {"weight": 10, "source": "lunch bag spaceboy design", "target": "lunch bag design"}, {"weight": 9, "source": "lunch bag spaceboy design", "target": "childrens apron design"}, {"weight": 9, "source": "lunch bag spaceboy design", "target": "plaster tin spaceboy"}, {"weight": 8, "source": "lunch bag spaceboy design", "target": "spaceboy tissue"}, {"weight": 20, "source": "lunch bag suki design", "target": "lunch bag car"}, {"weight": 16, "source": "lunch bag suki design", "target": "lunch bag retrospot"}, {"weight": 12, "source": "lunch bag suki design", "target": "lunch bag skull"}, {"weight": 11, "source": "lunch bag suki design", "target": "lunch bag dolly design"}, {"weight": 9, "source": "lunch bag suki design", "target": "lunch bag polkadot"}, {"weight": 9, "source": "lunch bag suki design", "target": "storage bag suki"}, {"weight": 9, "source": "lunch bag suki design", "target": "lunch bag woodland"}, {"weight": 9, "source": "lunch bag suki design", "target": "lunch bag design"}, {"weight": 8, "source": "lunch bag suki design", "target": "party bunting"}, {"weight": 20, "source": "hand warmer bird design", "target": "hand warmer owl design"}, {"weight": 19, "source": "hand warmer bird design", "target": "hand warmer scotty dog design"}, {"weight": 16, "source": "hand warmer bird design", "target": "hand warmer retrospot"}, {"weight": 16, "source": "hand warmer bird design", "target": "hand warmer love heart"}, {"weight": 12, "source": "hand warmer bird design", "target": "hand warmer union jack"}, {"weight": 19, "source": "hand warmer owl design", "target": "hand warmer scotty dog design"}, {"weight": 15, "source": "hand warmer owl design", "target": "hand warmer union jack"}, {"weight": 11, "source": "hand warmer owl design", "target": "hand warmer love heart"}, {"weight": 10, "source": "hand warmer owl design", "target": "hand warmer retrospot"}, {"weight": 8, "source": "hand warmer owl design", "target": "hand warmer babushka design"}, {"weight": 20, "source": "dolly lunch box", "target": "spaceboy lunch box"}, {"weight": 8, "source": "dolly lunch box", "target": "round snack box woodland"}, {"weight": 8, "source": "dolly lunch box", "target": "lunch bag dolly design"}, {"weight": 9, "source": "spaceboy lunch box", "target": "plaster tin spaceboy"}, {"weight": 8, "source": "spaceboy lunch box", "target": "circus parade lunch box"}, {"weight": 18, "source": "lunch bag car", "target": "lunch bag woodland"}, {"weight": 17, "source": "lunch bag car", "target": "lunch bag retrospot"}, {"weight": 14, "source": "lunch bag car", "target": "lunch bag polkadot"}, {"weight": 12, "source": "lunch bag car", "target": "lunch bag design"}, {"weight": 11, "source": "lunch bag car", "target": "lunch bag skull"}, {"weight": 10, "source": "lunch bag car", "target": "lunch bag alphabet design"}, {"weight": 14, "source": "bag christmas", "target": "bag vintage christmas"}, {"weight": 10, "source": "bag christmas", "target": "christmas cracker"}, {"weight": 9, "source": "bag christmas", "target": "bag alphabet"}, {"weight": 17, "source": "hand warmer scotty dog design", "target": "hand warmer union jack"}, {"weight": 15, "source": "hand warmer scotty dog design", "target": "hand warmer love heart"}, {"weight": 12, "source": "hand warmer scotty dog design", "target": "hand warmer retrospot"}, {"weight": 9, "source": "hand warmer scotty dog design", "target": "hand warmer babushka design"}, {"weight": 13, "source": "teatime fairy cake case", "target": "cake case"}, {"weight": 12, "source": "teatime fairy cake case", "target": "dinosaur cake case"}, {"weight": 10, "source": "teatime fairy cake case", "target": "cake childrens apron"}, {"weight": 10, "source": "teatime fairy cake case", "target": "paper doily"}, {"weight": 10, "source": "teatime fairy cake case", "target": "cake case dolly design"}, {"weight": 9, "source": "teatime fairy cake case", "target": "sweetheart fairy cake case"}, {"weight": 8, "source": "teatime fairy cake case", "target": "childrens apron design"}, {"weight": 8, "source": "spice tin pantry design", "target": "bread bin diner style"}, {"weight": 19, "source": "bunting", "target": "party bunting"}, {"weight": 9, "source": "bunting", "target": "baby bunting"}, {"weight": 12, "source": "party bunting", "target": "glass hanging tlight"}, {"weight": 11, "source": "party bunting", "target": "baby bunting"}, {"weight": 10, "source": "party bunting", "target": "doormat home sweet home"}, {"weight": 10, "source": "party bunting", "target": "sweetheart mini chest"}, {"weight": 9, "source": "party bunting", "target": "wood board finish"}, {"weight": 9, "source": "party bunting", "target": "time party bunting"}, {"weight": 9, "source": "party bunting", "target": "birthday bunting"}, {"weight": 8, "source": "party bunting", "target": "enamel flower jug"}, {"weight": 8, "source": "party bunting", "target": "parasol"}, {"weight": 19, "source": "playing card calm carry", "target": "playing card jubilee union jack"}, {"weight": 9, "source": "playing card calm carry", "target": "doormat calm come"}, {"weight": 11, "source": "bag polkadot", "target": "bag baroque"}, {"weight": 10, "source": "heart hanging decoration rustic", "target": "heart wreath"}, {"weight": 9, "source": "heart hanging decoration rustic", "target": "heart shaped holly"}, {"weight": 18, "source": "plaster tin circus parade", "target": "plaster tin woodland animal"}, {"weight": 15, "source": "plaster tin circus parade", "target": "plaster tin strongman"}, {"weight": 12, "source": "plaster tin circus parade", "target": "plaster tin spaceboy"}, {"weight": 10, "source": "plaster tin circus parade", "target": "plaster tin vintage paisley"}, {"weight": 8, "source": "plaster tin circus parade", "target": "plaster tin skull"}, {"weight": 16, "source": "plaster tin woodland animal", "target": "plaster tin vintage paisley"}, {"weight": 16, "source": "plaster tin woodland animal", "target": "plaster tin spaceboy"}, {"weight": 16, "source": "plaster tin woodland animal", "target": "plaster tin strongman"}, {"weight": 10, "source": "plaster tin woodland animal", "target": "pencil tube woodland"}, {"weight": 9, "source": "lunch bag woodland", "target": "lunch bag polkadot"}, {"weight": 8, "source": "lunch bag woodland", "target": "lunch bag retrospot"}, {"weight": 16, "source": "box mini vintage cracker", "target": "box mini cracker"}, {"weight": 12, "source": "hand warmer union jack", "target": "hand warmer love heart"}, {"weight": 11, "source": "hand warmer union jack", "target": "hand warmer retrospot"}, {"weight": 8, "source": "hand warmer union jack", "target": "holder"}, {"weight": 15, "source": "lunch bag retrospot", "target": "lunch bag polkadot"}, {"weight": 13, "source": "lunch bag retrospot", "target": "lunch bag skull"}, {"weight": 17, "source": "child breakfast dolly", "target": "child breakfast spaceboy"}, {"weight": 17, "source": "cook metal sign", "target": "gin metal sign"}, {"weight": 13, "source": "cook metal sign", "target": "person metal sign"}, {"weight": 11, "source": "cook metal sign", "target": "hand sign"}, {"weight": 10, "source": "cook metal sign", "target": "pottering shed metal sign"}, {"weight": 8, "source": "cook metal sign", "target": "gentleman metal sign"}, {"weight": 8, "source": "cook metal sign", "target": "metal sign leave"}, {"weight": 12, "source": "gin metal sign", "target": "person metal sign"}, {"weight": 9, "source": "gin metal sign", "target": "metal sign leave"}, {"weight": 17, "source": "cake case", "target": "dinosaur cake case"}, {"weight": 14, "source": "cake case", "target": "spaceboy cake case"}, {"weight": 13, "source": "cake case", "target": "cake case dolly design"}, {"weight": 11, "source": "cake case", "target": "sweetheart fairy cake case"}, {"weight": 9, "source": "cake case", "target": "love london cake case"}, {"weight": 9, "source": "cake case", "target": "pantry design cake case"}, {"weight": 9, "source": "cake case", "target": "vintage cake case"}, {"weight": 12, "source": "dinosaur cake case", "target": "spaceboy cake case"}, {"weight": 12, "source": "dinosaur cake case", "target": "sweetheart fairy cake case"}, {"weight": 17, "source": "treasure book box", "target": "treasure island book box"}, {"weight": 12, "source": "regency plate", "target": "regency sugar bowl"}, {"weight": 10, "source": "regency plate", "target": "regency teapot"}, {"weight": 11, "source": "doily vintage christmas", "target": "vintage christmas cake frill"}, {"weight": 10, "source": "bag baroque", "target": "vintage paisley"}, {"weight": 12, "source": "hand warmer retrospot", "target": "hand warmer love heart"}, {"weight": 14, "source": "plaster tin vintage paisley", "target": "plaster tin skull"}, {"weight": 12, "source": "plaster tin vintage paisley", "target": "plaster tin spaceboy"}, {"weight": 11, "source": "plaster tin vintage paisley", "target": "plaster tin strongman"}, {"weight": 8, "source": "plaster tin vintage paisley", "target": "holder"}, {"weight": 16, "source": "cake childrens apron", "target": "childrens apron design"}, {"weight": 14, "source": "childrens apron design", "target": "childrens apron dolly"}, {"weight": 11, "source": "childrens apron design", "target": "retrospot childrens apron"}, {"weight": 11, "source": "playhouse livingroom", "target": "playhouse bathroom"}, {"weight": 16, "source": "drawer knob", "target": "spot drawer knob"}, {"weight": 9, "source": "drawer knob", "target": "drawer knob crackle glaze"}, {"weight": 10, "source": "plaster tin spaceboy", "target": "plaster tin strongman"}, {"weight": 16, "source": "monster stencil craft", "target": "stencil craft"}, {"weight": 8, "source": "plaster tin strongman", "target": "plaster tin skull"}, {"weight": 12, "source": "regency teapot", "target": "regency sugar bowl"}, {"weight": 11, "source": "ribbon vintage christmas", "target": "ribbon charm"}, {"weight": 11, "source": "ribbon vintage christmas", "target": "christmas ribbon"}, {"weight": 9, "source": "ribbon vintage christmas", "target": "christmas sticker"}, {"weight": 15, "source": "herb marker rosemary", "target": "herb marker thyme"}, {"weight": 14, "source": "herb marker rosemary", "target": "herb marker parsley"}, {"weight": 13, "source": "herb marker rosemary", "target": "herb marker"}, {"weight": 13, "source": "herb marker rosemary", "target": "herb marker chive"}, {"weight": 12, "source": "herb marker rosemary", "target": "herb marker basil"}, {"weight": 14, "source": "herb marker thyme", "target": "herb marker parsley"}, {"weight": 13, "source": "herb marker thyme", "target": "herb marker"}, {"weight": 13, "source": "herb marker thyme", "target": "herb marker chive"}, {"weight": 12, "source": "herb marker thyme", "target": "herb marker basil"}, {"weight": 15, "source": "lunch bag polkadot", "target": "lunch bag skull"}, {"weight": 8, "source": "lunch bag skull", "target": "skull lunch box cutlery"}, {"weight": 8, "source": "chalkboard", "target": "rectangle chalkboard"}, {"weight": 15, "source": "doormat home sweet home", "target": "england"}, {"weight": 13, "source": "doormat home sweet home", "target": "welcome home"}, {"weight": 10, "source": "doormat home sweet home", "target": "doormat calm come"}, {"weight": 9, "source": "doormat home sweet home", "target": "heart"}, {"weight": 8, "source": "doormat home sweet home", "target": "doormat union flag"}, {"weight": 11, "source": "england", "target": "welcome home"}, {"weight": 9, "source": "england", "target": "doormat english"}, {"weight": 9, "source": "england", "target": "heart"}, {"weight": 15, "source": "feltcraft princess charlotte doll", "target": "feltcraft princess lola doll"}, {"weight": 15, "source": "feltcraft princess charlotte doll", "target": "felt craft trinket box"}, {"weight": 11, "source": "feltcraft princess charlotte doll", "target": "feltcraft princess olivia doll"}, {"weight": 10, "source": "feltcraft princess charlotte doll", "target": "feltcraft christmas fairy"}, {"weight": 8, "source": "feltcraft princess charlotte doll", "target": "feltcraft butterfly heart"}, {"weight": 8, "source": "feltcraft princess charlotte doll", "target": "feltcraft doll molly"}, {"weight": 14, "source": "feltcraft princess lola doll", "target": "feltcraft princess olivia doll"}, {"weight": 11, "source": "feltcraft princess lola doll", "target": "felt craft trinket box"}, {"weight": 11, "source": "felt craft trinket box", "target": "knitting nancy"}, {"weight": 10, "source": "felt craft trinket box", "target": "feltcraft doll molly"}, {"weight": 10, "source": "felt craft trinket box", "target": "feltcraft butterfly heart"}, {"weight": 9, "source": "felt craft trinket box", "target": "feltcraft christmas fairy"}, {"weight": 9, "source": "felt craft trinket box", "target": "feltcraft princess olivia doll"}, {"weight": 9, "source": "harmonica box", "target": "box domino"}, {"weight": 9, "source": "harmonica box", "target": "bag alphabet"}, {"weight": 8, "source": "harmonica box", "target": "catch cup game"}, {"weight": 8, "source": "harmonica box", "target": "spinning top"}, {"weight": 15, "source": "heart shaped holly", "target": "heart wreath"}, {"weight": 14, "source": "heart design tissue", "target": "retrospot tissue"}, {"weight": 10, "source": "heart design tissue", "target": "polkadot tissue"}, {"weight": 8, "source": "heart design tissue", "target": "heart cookie cutter"}, {"weight": 11, "source": "retrospot tissue", "target": "paisley tissue"}, {"weight": 10, "source": "retrospot tissue", "target": "suki tissue"}, {"weight": 8, "source": "retrospot tissue", "target": "polkadot tissue"}, {"weight": 13, "source": "herb marker parsley", "target": "herb marker basil"}, {"weight": 12, "source": "herb marker parsley", "target": "herb marker"}, {"weight": 12, "source": "herb marker parsley", "target": "herb marker chive"}, {"weight": 14, "source": "family photo frame cornice", "target": "photo frame cornice"}, {"weight": 11, "source": "box domino", "target": "school colouring"}, {"weight": 9, "source": "box domino", "target": "wooden skipping rope"}, {"weight": 8, "source": "box domino", "target": "world war glider asstd design"}, {"weight": 14, "source": "hand sign", "target": "person metal sign"}, {"weight": 11, "source": "hand sign", "target": "singing metal sign"}, {"weight": 11, "source": "hand sign", "target": "metal sign leave"}, {"weight": 10, "source": "hand sign", "target": "gentleman metal sign"}, {"weight": 9, "source": "hand sign", "target": "beware cat metal sign"}, {"weight": 9, "source": "hand sign", "target": "pottering shed metal sign"}, {"weight": 9, "source": "hand sign", "target": "holiday metal sign"}, {"weight": 13, "source": "person metal sign", "target": "gentleman metal sign"}, {"weight": 13, "source": "person metal sign", "target": "metal sign leave"}, {"weight": 11, "source": "person metal sign", "target": "holiday metal sign"}, {"weight": 11, "source": "person metal sign", "target": "singing metal sign"}, {"weight": 9, "source": "person metal sign", "target": "beware cat metal sign"}, {"weight": 9, "source": "person metal sign", "target": "pottering shed metal sign"}, {"weight": 14, "source": "colour mini case", "target": "retrospot mini case"}, {"weight": 10, "source": "cake case dolly design", "target": "spaceboy cake case"}, {"weight": 10, "source": "cake case dolly design", "target": "pantry design cake case"}, {"weight": 8, "source": "feltcraft princess olivia doll", "target": "feltcraft christmas fairy"}, {"weight": 14, "source": "biscuit tin vintage", "target": "round cake tin vintage"}, {"weight": 14, "source": "feltcraft butterfly heart", "target": "feltcraft flower friend"}, {"weight": 8, "source": "feltcraft butterfly heart", "target": "stripey mouse feltcraft"}, {"weight": 9, "source": "feltcraft flower friend", "target": "stripey mouse feltcraft"}, {"weight": 14, "source": "paisley flower doily", "target": "paper doily"}, {"weight": 11, "source": "paper doily", "target": "heart paper doily"}, {"weight": 9, "source": "paper doily", "target": "retrospot paper doily"}, {"weight": 14, "source": "feltcraft girl amelie", "target": "feltcraft girl nicole"}, {"weight": 11, "source": "bag alphabet", "target": "bag vintage"}, {"weight": 12, "source": "regency sugar bowl", "target": "regency milk jug"}, {"weight": 14, "source": "christmas craft fairy", "target": "christmas craft friend"}, {"weight": 11, "source": "christmas craft fairy", "target": "christmas craft tree angel"}, {"weight": 12, "source": "christmas craft friend", "target": "christmas craft tree angel"}, {"weight": 10, "source": "gift tag christmas", "target": "gift tag vintage christmas"}, {"weight": 10, "source": "gift tag christmas", "target": "roll wrap christmas"}, {"weight": 8, "source": "storage bag suki", "target": "vintage paisley"}, {"weight": 12, "source": "herb marker", "target": "herb marker chive"}, {"weight": 10, "source": "herb marker", "target": "herb marker basil"}, {"weight": 10, "source": "herb marker basil", "target": "herb marker chive"}, {"weight": 9, "source": "head tail sporting fun", "target": "school colouring"}, {"weight": 10, "source": "school colouring", "target": "box vintage jigsaw block"}, {"weight": 9, "source": "school colouring", "target": "box vintage alphabet block"}, {"weight": 9, "source": "school colouring", "target": "modelling"}, {"weight": 9, "source": "school colouring", "target": "crayon"}, {"weight": 8, "source": "school colouring", "target": "coloured pencil"}, {"weight": 13, "source": "box vintage alphabet block", "target": "box vintage jigsaw block"}, {"weight": 12, "source": "alarm clock bakelike", "target": "diner wall clock"}, {"weight": 8, "source": "alarm clock bakelike", "target": "vintage paisley"}, {"weight": 13, "source": "hanging heart zinc tlight holder", "target": "heart zinc tlight holder"}, {"weight": 13, "source": "retrospot charlotte bag", "target": "woodland charlotte bag"}, {"weight": 9, "source": "retrospot charlotte bag", "target": "charlotte bag suki design"}, {"weight": 8, "source": "retrospot charlotte bag", "target": "charlotte bag polkadot"}, {"weight": 8, "source": "woodland charlotte bag", "target": "charlotte bag polkadot"}, {"weight": 8, "source": "woodland charlotte bag", "target": "bag woodland animal"}, {"weight": 9, "source": "gentleman metal sign", "target": "metal sign leave"}, {"weight": 13, "source": "cake money bank", "target": "heart fairy cake money bank"}, {"weight": 10, "source": "cake money bank", "target": "trinket box"}, {"weight": 8, "source": "metal sign leave", "target": "holiday metal sign"}, {"weight": 8, "source": "metal sign leave", "target": "metal sign"}, {"weight": 13, "source": "paper cup", "target": "paper plate"}, {"weight": 10, "source": "paper plate", "target": "retrospot paper napkin"}, {"weight": 13, "source": "ribbon", "target": "ribbon charm"}, {"weight": 10, "source": "ribbon", "target": "box ribbon"}, {"weight": 10, "source": "ribbon", "target": "christmas ribbon"}, {"weight": 8, "source": "ribbon", "target": "polkadot party candle"}, {"weight": 11, "source": "ribbon charm", "target": "ribbon reel stripe design"}, {"weight": 11, "source": "ribbon charm", "target": "box ribbon"}, {"weight": 10, "source": "ribbon charm", "target": "ribbon reel heart design"}, {"weight": 12, "source": "retrospot paper napkin", "target": "paper napkin"}, {"weight": 10, "source": "christmas gingham tree", "target": "christmas gingham star"}, {"weight": 12, "source": "doormat calm come", "target": "doormat union flag"}, {"weight": 12, "source": "card christmas village", "target": "card motorbike santa"}, {"weight": 10, "source": "spinning top", "target": "cotton bag"}, {"weight": 10, "source": "spinning top", "target": "wooden skipping rope"}, {"weight": 9, "source": "spinning top", "target": "catch cup game"}, {"weight": 9, "source": "spinning top", "target": "knitting nancy"}, {"weight": 8, "source": "spinning top", "target": "soldier skittle"}, {"weight": 9, "source": "retrospot glass bowl", "target": "clothes peg retrospot"}, {"weight": 9, "source": "knitting nancy", "target": "catch cup game"}, {"weight": 9, "source": "knitting nancy", "target": "cotton bag"}, {"weight": 9, "source": "knitting nancy", "target": "wooden skipping rope"}, {"weight": 8, "source": "heart trellis", "target": "heart filigree dove"}, {"weight": 10, "source": "vintage paisley", "target": "bag paisley"}, {"weight": 8, "source": "vintage paisley", "target": "bag vintage paisley"}, {"weight": 8, "source": "diner wall clock", "target": "bread bin diner style"}, {"weight": 12, "source": "mug cat bird design", "target": "mug dog ball design"}, {"weight": 12, "source": "dinner candle", "target": "vanilla candle"}, {"weight": 10, "source": "dinner candle", "target": "candle"}, {"weight": 12, "source": "child garden fork", "target": "child garden trowel"}, {"weight": 12, "source": "butterfly cookie cutter", "target": "heart cookie cutter"}, {"weight": 10, "source": "butterfly cookie cutter", "target": "piece spaceboy cookie cutter"}, {"weight": 12, "source": "coloured pencil", "target": "crayon"}, {"weight": 10, "source": "crayon", "target": "modelling"}, {"weight": 10, "source": "glass hanging tlight", "target": "colour glass tlight holder hanging"}, {"weight": 9, "source": "glass hanging tlight", "target": "hanging jam jar tlight holder"}, {"weight": 12, "source": "airline bag vintage jet", "target": "airline bag vintage tokyo"}, {"weight": 8, "source": "airline bag vintage tokyo", "target": "airline bag vintage world champion"}, {"weight": 12, "source": "rabbit night light", "target": "toadstool led night light"}, {"weight": 11, "source": "tree decoration", "target": "stocking decoration"}, {"weight": 9, "source": "tree decoration", "target": "decoration"}, {"weight": 11, "source": "catch cup game", "target": "wooden skipping rope"}, {"weight": 8, "source": "catch cup game", "target": "cotton bag"}, {"weight": 10, "source": "wooden skipping rope", "target": "cotton bag"}, {"weight": 8, "source": "holder", "target": "polkadot party candle"}, {"weight": 8, "source": "homemade jam scented candle", "target": "chocolatecandle"}, {"weight": 11, "source": "retrospot cup", "target": "retrospot plate"}, {"weight": 9, "source": "retrospot cup", "target": "retrospot bowl"}, {"weight": 9, "source": "retrospot plate", "target": "retrospot bowl"}, {"weight": 11, "source": "heart wooden christmas decoration", "target": "star wooden christmas decoration"}, {"weight": 8, "source": "heart wooden christmas decoration", "target": "wooden christmas decoration"}, {"weight": 8, "source": "star wooden christmas decoration", "target": "wooden christmas decoration"}, {"weight": 11, "source": "vintage cat food container", "target": "vintage dog food container"}, {"weight": 11, "source": "croquet garden", "target": "rounder garden"}, {"weight": 8, "source": "croquet garden", "target": "skittle garden"}, {"weight": 11, "source": "rounder garden", "target": "skittle garden"}, {"weight": 9, "source": "ribbon reel stripe design", "target": "ribbon reel heart design"}, {"weight": 11, "source": "bathroom metal sign", "target": "toilet metal sign"}, {"weight": 10, "source": "bathroom metal sign", "target": "kitchen metal sign"}, {"weight": 11, "source": "polkadot wrap", "target": "retrospot wrap"}, {"weight": 11, "source": "giraffe wooden ruler", "target": "revolver wooden ruler"}, {"weight": 11, "source": "feltcraft doll emily", "target": "feltcraft doll molly"}, {"weight": 9, "source": "feltcraft doll molly", "target": "feltcraft doll rosie"}, {"weight": 11, "source": "collage paper cup", "target": "collage paper plate"}, {"weight": 10, "source": "metal beach spade", "target": "vintage tin seaside bucket"}, {"weight": 8, "source": "bag vintage paisley", "target": "bag paisley"}, {"weight": 10, "source": "fob door", "target": "fob shed"}, {"weight": 10, "source": "blackblue polkadot umbrella", "target": "retrospot umbrella"}, {"weight": 10, "source": "cake stand hanging cake", "target": "mini cake stand hanging cake"}, {"weight": 8, "source": "ribbon reel christmas sock bauble", "target": "ribbon reel village"}, {"weight": 8, "source": "clothes peg retrospot", "target": "retrospot peg bag"}, {"weight": 10, "source": "sweetheart mini chest", "target": "wood drawer cabinet finish"}, {"weight": 8, "source": "colour glass tlight holder hanging", "target": "hanging jam jar tlight holder"}, {"weight": 10, "source": "home building block word", "target": "love building block word"}, {"weight": 9, "source": "home building block word", "target": "bath building block word"}, {"weight": 8, "source": "vintage snake ladder", "target": "bingo"}, {"weight": 10, "source": "polkadot bowl", "target": "retrospot bowl"}, {"weight": 10, "source": "glass bottle elixir", "target": "glass bottle tonic"}, {"weight": 10, "source": "dolly design bowl", "target": "marshmallow bowl"}, {"weight": 10, "source": "colour pencil dolly", "target": "colour pencil spaceboy"}, {"weight": 9, "source": "balloon writing", "target": "dinosaur writing"}, {"weight": 9, "source": "folk stationery", "target": "stationery"}, {"weight": 9, "source": "stationery", "target": "vintage paisley stationery"}, {"weight": 9, "source": "metal sign", "target": "washroom metal sign"}, {"weight": 9, "source": "lunch box cutlery", "target": "skull lunch box cutlery"}, {"weight": 8, "source": "bread bin diner style", "target": "tier cake tin"}, {"weight": 9, "source": "watering bunny", "target": "watering elephant"}, {"weight": 9, "source": "paper chain empire", "target": "union jack bunting"}, {"weight": 9, "source": "paisley picnic bag", "target": "vintage paisley picnic bag"}, {"weight": 9, "source": "birthday card", "target": "cowboy birthday card"}, {"weight": 8, "source": "birthday card", "target": "robot birthday card"}, {"weight": 9, "source": "polkadot cup", "target": "polkadot plate"}, {"weight": 9, "source": "font birthday card", "target": "font birthday wrap"}, {"weight": 9, "source": "embroidered ribbon reel emily", "target": "embroidered ribbon reel sally"}, {"weight": 8, "source": "gardenia wick morris boxed candle", "target": "morris box candle"}, {"weight": 8, "source": "gardenia wick morris boxed candle", "target": "morris boxed candle"}, {"weight": 8, "source": "moody door hanger", "target": "stuff door hanger"}, {"weight": 8, "source": "circus parade lunch box", "target": "round snack box woodland"}, {"weight": 8, "source": "toy tidy polkadot", "target": "toy tidy spaceboy"}, {"weight": 8, "source": "london bus mug", "target": "towel love london"}, {"weight": 8, "source": "london bus mug", "target": "guard mug"}, {"weight": 8, "source": "drawing dolly girl", "target": "drawing spaceboy"}, {"weight": 8, "source": "round snack box woodland", "target": "round snack box fruit"}, {"weight": 8, "source": "retrospot cake stand", "target": "biscuit tin"}, {"weight": 8, "source": "childrens cutlery polkadot", "target": "childrens cutlery retrospot"}]}