{"directed": false, "multigraph": false, "graph": {}, "nodes": [{"id": "bag"}, {"id": "bag retrospot"}, {"id": "hanging heart tlight holder"}, {"id": "heart wicker"}, {"id": "bag polkadot"}, {"id": "lunch bag polkadot"}, {"id": "lunch bag retrospot"}, {"id": "lunch bag skull"}, {"id": "lunch bag suki design"}, {"id": "regency cakestand tier"}, {"id": "regency teacup saucer"}, {"id": "lunch bag spaceboy design"}, {"id": "picture frame"}, {"id": "wooden frame antique"}, {"id": "lunch bag car"}, {"id": "gardener kneeling cup"}, {"id": "gardener kneeling pad calm"}, {"id": "lunch bag woodland"}, {"id": "storage bag suki"}, {"id": "paper chain christmas"}, {"id": "paper chain vintage christmas"}, {"id": "dolly lunch box"}, {"id": "spaceboy lunch box"}, {"id": "drawer knob"}, {"id": "spot drawer knob"}, {"id": "bag vintage"}, {"id": "vintage paisley"}, {"id": "lunch bag design"}, {"id": "bunting"}, {"id": "party bunting"}, {"id": "bag alphabet"}, {"id": "heart water bottle"}, {"id": "water bottle"}, {"id": "bag baroque"}, {"id": "lunch bag dolly design"}, {"id": "bag vintage paisley"}, {"id": "wicker heart"}, {"id": "charlotte bag polkadot"}, {"id": "retrospot charlotte bag"}, {"id": "cake case"}, {"id": "retrospot cake case"}, {"id": "paisley cake case"}, {"id": "teatime fairy cake case"}, {"id": "bag paisley"}, {"id": "dog water bottle"}, {"id": "lunch bag alphabet design"}, {"id": "lunch bag vintage design"}, {"id": "water bottle sympathy"}, {"id": "charlotte bag"}, {"id": "charlotte bag suki design"}, {"id": "paper cup"}, {"id": "paper plate"}, {"id": "water bottle poorly"}, {"id": "wicker star"}, {"id": "pencil tube retrospot"}, {"id": "pencil tube skull"}, {"id": "jam making jar"}, {"id": "jam making printed"}, {"id": "bag vintage doily"}, {"id": "bird ornament"}, {"id": "water bottle calm"}, {"id": "heart christmas scandinavian"}, {"id": "star christmas scandinavian"}, {"id": "cake tin pantry design"}, {"id": "spice tin pantry design"}, {"id": "heart decoration"}, {"id": "plaster tin spaceboy"}, {"id": "plaster tin woodland animal"}, {"id": "woodland charlotte bag"}, {"id": "cook metal sign"}, {"id": "gin metal sign"}, {"id": "baking piece retrospot"}, {"id": "baking spaceboy design"}, {"id": "heart chalkboard"}, {"id": "home building block word"}, {"id": "love building block word"}, {"id": "hand warmer owl design"}, {"id": "hand warmer scotty dog design"}, {"id": "bag spaceboy design"}, {"id": "hand sign"}, {"id": "alarm clock bakelike"}, {"id": "diner wall clock"}, {"id": "dinosaur cake case"}, {"id": "round snack box fruit"}, {"id": "round snack box woodland"}, {"id": "bag woodland animal"}, {"id": "person metal sign"}, {"id": "lunch bag vintage doily"}, {"id": "candleholder hanging heart"}, {"id": "hand warmer bird design"}, {"id": "recipe box pantry design"}, {"id": "storage bag skull"}, {"id": "plaster tin circus parade"}, {"id": "pencil tube woodland"}, {"id": "playhouse bedroom"}, {"id": "playhouse kitchen"}, {"id": "retrospot paper napkin"}, {"id": "butterfly cookie cutter"}, {"id": "heart cookie cutter"}, {"id": "bag christmas"}, {"id": "bag vintage christmas"}, {"id": "regency cake tin"}, {"id": "vintage head tail card game"}, {"id": "vintage snap card"}, {"id": "feltcraft princess charlotte doll"}, {"id": "feltcraft princess lola doll"}, {"id": "regency plate"}, {"id": "cake baking case"}, {"id": "mini loaf baking case"}, {"id": "painted metal"}, {"id": "dolly design bowl"}, {"id": "marshmallow bowl"}, {"id": "bathroom metal sign"}, {"id": "toilet metal sign"}, {"id": "sweetheart fairy cake case"}, {"id": "bag doiley pattern"}, {"id": "lunch bag doiley pattern"}, {"id": "holder"}, {"id": "bag owl"}, {"id": "retrospot pc"}, {"id": "charlotte bag design"}, {"id": "plaster tin strongman"}, {"id": "recipe box retrospot"}, {"id": "spaceboy cake case"}, {"id": "zinc heart decoration"}, {"id": "ribbon"}, {"id": "ribbon charm"}, {"id": "playhouse livingroom"}, {"id": "sugar tin pantry"}, {"id": "feltcraft cushion butterfly"}, {"id": "feltcraft cushion rabbit"}, {"id": "feltcraft cushion owl"}, {"id": "tree christmas scandinavian"}, {"id": "regency teapot"}, {"id": "wood drawer cabinet finish"}, {"id": "hand warmer union jack"}, {"id": "regency milk jug"}, {"id": "regency sugar bowl"}, {"id": "time baking case"}, {"id": "love water bottle"}, {"id": "hand warmer love heart"}, {"id": "photo frame cornice"}, {"id": "paisley picnic bag"}, {"id": "vintage paisley picnic bag"}, {"id": "retrospot glass bowl"}, {"id": "christmas craft fairy"}, {"id": "christmas craft friend"}, {"id": "stocking decoration"}, {"id": "christmas craft tree angel"}, {"id": "kitchen scale"}, {"id": "cake childrens apron"}, {"id": "childrens apron design"}, {"id": "colour pencil dolly"}, {"id": "colour pencil spaceboy"}, {"id": "charlotte bag dolly design"}, {"id": "pantry jelly mould"}, {"id": "paper napkin"}, {"id": "childrens cutlery dolly"}, {"id": "childrens cutlery spaceboy"}, {"id": "snack loaf baking case"}, {"id": "glass hanging tlight"}, {"id": "plaster tin vintage paisley"}, {"id": "polkadot bowl"}, {"id": "retrospot bowl"}, {"id": "heart card holder"}, {"id": "hand warmer retrospot"}, {"id": "skull water bottle"}, {"id": "cake case dolly design"}, {"id": "tree decoration"}, {"id": "lunch box love london"}, {"id": "trinket box"}, {"id": "retrospot picnic bag"}, {"id": "rex cashcarry shopper"}, {"id": "gentleman metal sign"}, {"id": "fob door"}, {"id": "fob shed"}, {"id": "childrens cutlery polkadot"}, {"id": "childrens cutlery retrospot"}, {"id": "plaster tin skull"}, {"id": "wood board finish"}, {"id": "doormat home sweet home"}, {"id": "england"}, {"id": "singing metal sign"}, {"id": "pantry design cake case"}, {"id": "wood cabinet finish"}, {"id": "kitchen metal sign"}, {"id": "bag dolly design"}, {"id": "decoration"}, {"id": "cake case vintage christmas"}, {"id": "vintage christmas napkin"}, {"id": "recycling bag retrospot"}, {"id": "herb marker rosemary"}, {"id": "herb marker thyme"}, {"id": "way metal sign"}, {"id": "feltcraft princess olivia doll"}, {"id": "vintage cake case"}, {"id": "hanging heart zinc tlight holder"}, {"id": "heart zinc tlight holder"}, {"id": "herb marker"}, {"id": "herb marker basil"}, {"id": "herb marker parsley"}, {"id": "toy tidy polkadot"}, {"id": "harmonica box"}, {"id": "retrospot childrens apron"}, {"id": "lunch box cutlery"}, {"id": "lunch box cutlery retrospot"}, {"id": "doormat retrospot"}, {"id": "travel card wallet calm"}, {"id": "travel card wallet vintage ticket"}, {"id": "childrens apron dolly"}, {"id": "gumball coat rack"}, {"id": "time party bunting"}, {"id": "skull lunch box cutlery"}, {"id": "clothes peg retrospot"}, {"id": "box mini cracker"}, {"id": "box ribbon"}, {"id": "bread bin diner style"}, {"id": "metal sign"}, {"id": "washroom metal sign"}, {"id": "charlotte bag vintage alphabet"}, {"id": "polkadot plate"}, {"id": "felt craft trinket box"}, {"id": "feltcraft butterfly heart"}, {"id": "vintage cat food container"}, {"id": "vintage dog food container"}, {"id": "man cookie cutter"}, {"id": "box mini vintage cracker"}, {"id": "heart"}, {"id": "polkadot cup"}, {"id": "retrospot cup"}, {"id": "box domino"}, {"id": "herb marker chive"}, {"id": "beware cat metal sign"}, {"id": "treasure book box"}, {"id": "treasure island book box"}, {"id": "woolly heart"}, {"id": "retrospot cake stand"}, {"id": "bath metal sign"}, {"id": "birthday bunting"}, {"id": "circus parade lunch box"}, {"id": "watering bunny"}, {"id": "watering elephant"}, {"id": "heart filigree dove"}, {"id": "knitted union flag water bottle"}, {"id": "metal sign leave"}, {"id": "hanging heart jar tlight holder"}, {"id": "paper bunting retrospot"}, {"id": "heart trellis"}, {"id": "playhouse bathroom"}, {"id": "monster stencil craft"}, {"id": "stencil craft"}, {"id": "blackblue polkadot umbrella"}, {"id": "retrospot umbrella"}, {"id": "feltcraft shoulder bag"}, {"id": "holiday metal sign"}, {"id": "retrospot shopper bag"}, {"id": "retrospot milk jug"}, {"id": "retrospot sugar jam bowl"}, {"id": "youre confusing metal sign"}, {"id": "retrospot paper doily"}, {"id": "bag toy"}, {"id": "pantry design"}, {"id": "feltcraft flower friend"}, {"id": "stripey mouse feltcraft"}, {"id": "bath building block word"}, {"id": "birthday card"}, {"id": "cowboy birthday card"}, {"id": "polkadot wrap"}, {"id": "retrospot wrap"}, {"id": "guard mug"}, {"id": "london bus mug"}, {"id": "bag paisley park"}, {"id": "lunch bag paisley park"}, {"id": "doormat union flag"}, {"id": "area patrolled sign"}, {"id": "towel love london"}, {"id": "robot birthday card"}, {"id": "love london cake case"}, {"id": "roll wrap christmas"}, {"id": "roll wrap vintage christmas"}, {"id": "polkadot party candle"}, {"id": "doormat calm come"}, {"id": "vintage doily bag"}, {"id": "feltcraft doll molly"}, {"id": "feltcraft doll rosie"}, {"id": "cake money bank"}, {"id": "party birthday card"}, {"id": "sweetheart mini chest"}, {"id": "parasol"}, {"id": "chick water bottle"}, {"id": "pottering shed metal sign"}, {"id": "bowl"}, {"id": "rabbit night light"}, {"id": "treasure tin buffalo"}, {"id": "treasure tin gymkhana design"}, {"id": "bag swirly"}, {"id": "shopper bag"}, {"id": "heart fairy cake money bank"}, {"id": "card dolly"}, {"id": "watering dinosaur"}, {"id": "drawer knob crackle glaze"}, {"id": "christmas ribbon"}, {"id": "retrospot plate"}, {"id": "spaceboy childrens bowl"}, {"id": "spaceboy childrens cup"}, {"id": "family photo frame cornice"}, {"id": "feltcraft doll emily"}, {"id": "world war glider asstd design"}, {"id": "gift tag christmas"}, {"id": "block letter"}, {"id": "london tissue"}, {"id": "colour glass tlight holder hanging"}, {"id": "drawerknob"}, {"id": "doormat english"}, {"id": "glass bottle perfume"}, {"id": "glass bottle tonic"}], "links": [{"weight": 681, "source": "bag", "target": "bag retrospot"}, {"weight": 444, "source": "bag", "target": "bag polkadot"}, {"weight": 388, "source": "bag", "target": "bag vintage"}, {"weight": 373, "source": "bag", "target": "lunch bag design"}, {"weight": 366, "source": "bag", "target": "lunch bag retrospot"}, {"weight": 361, "source": "bag", "target": "storage bag suki"}, {"weight": 360, "source": "bag", "target": "bag alphabet"}, {"weight": 325, "source": "bag", "target": "bag baroque"}, {"weight": 308, "source": "bag", "target": "vintage paisley"}, {"weight": 306, "source": "bag", "target": "lunch bag skull"}, {"weight": 303, "source": "bag", "target": "lunch bag suki design"}, {"weight": 299, "source": "bag", "target": "bag vintage paisley"}, {"weight": 298, "source": "bag", "target": "lunch bag car"}, {"weight": 291, "source": "bag", "target": "lunch bag polkadot"}, {"weight": 271, "source": "bag", "target": "bag paisley"}, {"weight": 259, "source": "bag", "target": "bag spaceboy design"}, {"weight": 253, "source": "bag", "target": "lunch bag spaceboy design"}, {"weight": 250, "source": "bag", "target": "bag vintage doily"}, {"weight": 248, "source": "bag", "target": "bag woodland animal"}, {"weight": 243, "source": "bag", "target": "lunch bag woodland"}, {"weight": 239, "source": "bag", "target": "storage bag skull"}, {"weight": 238, "source": "bag", "target": "lunch bag vintage design"}, {"weight": 230, "source": "bag", "target": "retrospot charlotte bag"}, {"weight": 215, "source": "bag", "target": "hanging heart tlight holder"}, {"weight": 212, "source": "bag", "target": "bag doiley pattern"}, {"weight": 205, "source": "bag", "target": "bag owl"}, {"weight": 197, "source": "bag", "target": "heart wicker"}, {"weight": 197, "source": "bag", "target": "charlotte bag"}, {"weight": 196, "source": "bag", "target": "lunch bag alphabet design"}, {"weight": 195, "source": "bag", "target": "charlotte bag design"}, {"weight": 182, "source": "bag", "target": "bunting"}, {"weight": 181, "source": "bag", "target": "charlotte bag suki design"}, {"weight": 177, "source": "bag", "target": "party bunting"}, {"weight": 170, "source": "bag", "target": "retrospot picnic bag"}, {"weight": 166, "source": "bag", "target": "lunch bag dolly design"}, {"weight": 164, "source": "bag", "target": "alarm clock bakelike"}, {"weight": 161, "source": "bag", "target": "lunch bag doiley pattern"}, {"weight": 157, "source": "bag", "target": "bag dolly design"}, {"weight": 156, "source": "bag", "target": "bag christmas"}, {"weight": 155, "source": "bag", "target": "woodland charlotte bag"}, {"weight": 155, "source": "bag", "target": "charlotte bag polkadot"}, {"weight": 148, "source": "bag", "target": "lunch bag vintage doily"}, {"weight": 145, "source": "bag", "target": "retrospot cake case"}, {"weight": 144, "source": "bag", "target": "holder"}, {"weight": 135, "source": "bag", "target": "bag toy"}, {"weight": 128, "source": "bag", "target": "recycling bag retrospot"}, {"weight": 124, "source": "bag", "target": "gardener kneeling pad calm"}, {"weight": 120, "source": "bag", "target": "retrospot glass bowl"}, {"weight": 117, "source": "bag", "target": "regency cakestand tier"}, {"weight": 528, "source": "bag retrospot", "target": "bag polkadot"}, {"weight": 421, "source": "bag retrospot", "target": "storage bag suki"}, {"weight": 418, "source": "bag retrospot", "target": "lunch bag retrospot"}, {"weight": 386, "source": "bag retrospot", "target": "vintage paisley"}, {"weight": 346, "source": "bag retrospot", "target": "bag baroque"}, {"weight": 339, "source": "bag retrospot", "target": "bag vintage"}, {"weight": 328, "source": "bag retrospot", "target": "bag vintage paisley"}, {"weight": 310, "source": "bag retrospot", "target": "bag paisley"}, {"weight": 285, "source": "bag retrospot", "target": "bag alphabet"}, {"weight": 284, "source": "bag retrospot", "target": "bag vintage doily"}, {"weight": 273, "source": "bag retrospot", "target": "lunch bag polkadot"}, {"weight": 268, "source": "bag retrospot", "target": "lunch bag skull"}, {"weight": 267, "source": "bag retrospot", "target": "retrospot charlotte bag"}, {"weight": 265, "source": "bag retrospot", "target": "lunch bag suki design"}, {"weight": 263, "source": "bag retrospot", "target": "hanging heart tlight holder"}, {"weight": 259, "source": "bag retrospot", "target": "bag spaceboy design"}, {"weight": 254, "source": "bag retrospot", "target": "bag woodland animal"}, {"weight": 247, "source": "bag retrospot", "target": "lunch bag car"}, {"weight": 241, "source": "bag retrospot", "target": "storage bag skull"}, {"weight": 219, "source": "bag retrospot", "target": "lunch bag design"}, {"weight": 213, "source": "bag retrospot", "target": "lunch bag spaceboy design"}, {"weight": 197, "source": "bag retrospot", "target": "bag owl"}, {"weight": 194, "source": "bag retrospot", "target": "heart wicker"}, {"weight": 181, "source": "bag retrospot", "target": "lunch bag woodland"}, {"weight": 180, "source": "bag retrospot", "target": "party bunting"}, {"weight": 179, "source": "bag retrospot", "target": "retrospot cake case"}, {"weight": 172, "source": "bag retrospot", "target": "charlotte bag suki design"}, {"weight": 172, "source": "bag retrospot", "target": "bag doiley pattern"}, {"weight": 166, "source": "bag retrospot", "target": "holder"}, {"weight": 162, "source": "bag retrospot", "target": "bag dolly design"}, {"weight": 161, "source": "bag retrospot", "target": "recycling bag retrospot"}, {"weight": 159, "source": "bag retrospot", "target": "alarm clock bakelike"}, {"weight": 158, "source": "bag retrospot", "target": "bag christmas"}, {"weight": 157, "source": "bag retrospot", "target": "charlotte bag polkadot"}, {"weight": 157, "source": "bag retrospot", "target": "lunch bag vintage design"}, {"weight": 155, "source": "bag retrospot", "target": "charlotte bag"}, {"weight": 154, "source": "bag retrospot", "target": "bunting"}, {"weight": 153, "source": "bag retrospot", "target": "regency cakestand tier"}, {"weight": 149, "source": "bag retrospot", "target": "lunch bag vintage doily"}, {"weight": 145, "source": "bag retrospot", "target": "cake tin pantry design"}, {"weight": 139, "source": "bag retrospot", "target": "lunch bag dolly design"}, {"weight": 139, "source": "bag retrospot", "target": "woodland charlotte bag"}, {"weight": 138, "source": "bag retrospot", "target": "lunch bag alphabet design"}, {"weight": 137, "source": "bag retrospot", "target": "retrospot shopper bag"}, {"weight": 133, "source": "bag retrospot", "target": "retrospot glass bowl"}, {"weight": 131, "source": "bag retrospot", "target": "water bottle"}, {"weight": 126, "source": "bag retrospot", "target": "bag toy"}, {"weight": 125, "source": "bag retrospot", "target": "pantry jelly mould"}, {"weight": 124, "source": "bag retrospot", "target": "charlotte bag design"}, {"weight": 123, "source": "bag retrospot", "target": "doormat retrospot"}, {"weight": 122, "source": "bag retrospot", "target": "retrospot picnic bag"}, {"weight": 121, "source": "bag retrospot", "target": "gardener kneeling pad calm"}, {"weight": 561, "source": "hanging heart tlight holder", "target": "heart wicker"}, {"weight": 329, "source": "hanging heart tlight holder", "target": "picture frame"}, {"weight": 284, "source": "hanging heart tlight holder", "target": "party bunting"}, {"weight": 283, "source": "hanging heart tlight holder", "target": "bird ornament"}, {"weight": 267, "source": "hanging heart tlight holder", "target": "heart chalkboard"}, {"weight": 264, "source": "hanging heart tlight holder", "target": "wooden frame antique"}, {"weight": 249, "source": "hanging heart tlight holder", "target": "candleholder hanging heart"}, {"weight": 249, "source": "hanging heart tlight holder", "target": "regency cakestand tier"}, {"weight": 243, "source": "hanging heart tlight holder", "target": "lunch bag retrospot"}, {"weight": 238, "source": "hanging heart tlight holder", "target": "heart decoration"}, {"weight": 228, "source": "hanging heart tlight holder", "target": "home building block word"}, {"weight": 219, "source": "hanging heart tlight holder", "target": "lunch bag suki design"}, {"weight": 209, "source": "hanging heart tlight holder", "target": "water bottle"}, {"weight": 208, "source": "hanging heart tlight holder", "target": "cake tin pantry design"}, {"weight": 205, "source": "hanging heart tlight holder", "target": "holder"}, {"weight": 205, "source": "hanging heart tlight holder", "target": "lunch bag polkadot"}, {"weight": 201, "source": "hanging heart tlight holder", "target": "zinc heart decoration"}, {"weight": 200, "source": "hanging heart tlight holder", "target": "lunch bag skull"}, {"weight": 200, "source": "hanging heart tlight holder", "target": "wicker heart"}, {"weight": 196, "source": "hanging heart tlight holder", "target": "lunch bag spaceboy design"}, {"weight": 196, "source": "hanging heart tlight holder", "target": "love building block word"}, {"weight": 196, "source": "hanging heart tlight holder", "target": "lunch bag car"}, {"weight": 191, "source": "hanging heart tlight holder", "target": "heart water bottle"}, {"weight": 191, "source": "hanging heart tlight holder", "target": "photo frame cornice"}, {"weight": 190, "source": "hanging heart tlight holder", "target": "retrospot glass bowl"}, {"weight": 183, "source": "hanging heart tlight holder", "target": "bunting"}, {"weight": 182, "source": "hanging heart tlight holder", "target": "wood drawer cabinet finish"}, {"weight": 179, "source": "hanging heart tlight holder", "target": "glass hanging tlight"}, {"weight": 178, "source": "hanging heart tlight holder", "target": "heart card holder"}, {"weight": 176, "source": "hanging heart tlight holder", "target": "person metal sign"}, {"weight": 173, "source": "hanging heart tlight holder", "target": "trinket box"}, {"weight": 171, "source": "hanging heart tlight holder", "target": "recipe box pantry design"}, {"weight": 170, "source": "hanging heart tlight holder", "target": "gin metal sign"}, {"weight": 168, "source": "hanging heart tlight holder", "target": "wood board finish"}, {"weight": 166, "source": "hanging heart tlight holder", "target": "alarm clock bakelike"}, {"weight": 163, "source": "hanging heart tlight holder", "target": "retrospot cake case"}, {"weight": 163, "source": "hanging heart tlight holder", "target": "rex cashcarry shopper"}, {"weight": 162, "source": "hanging heart tlight holder", "target": "regency teacup saucer"}, {"weight": 158, "source": "hanging heart tlight holder", "target": "hand sign"}, {"weight": 155, "source": "hanging heart tlight holder", "target": "storage bag suki"}, {"weight": 154, "source": "hanging heart tlight holder", "target": "retrospot pc"}, {"weight": 152, "source": "hanging heart tlight holder", "target": "clothes peg retrospot"}, {"weight": 152, "source": "hanging heart tlight holder", "target": "pantry jelly mould"}, {"weight": 151, "source": "hanging heart tlight holder", "target": "drawer knob"}, {"weight": 149, "source": "hanging heart tlight holder", "target": "ribbon charm"}, {"weight": 147, "source": "hanging heart tlight holder", "target": "cook metal sign"}, {"weight": 147, "source": "hanging heart tlight holder", "target": "gardener kneeling pad calm"}, {"weight": 146, "source": "hanging heart tlight holder", "target": "heart"}, {"weight": 144, "source": "hanging heart tlight holder", "target": "vintage paisley"}, {"weight": 143, "source": "hanging heart tlight holder", "target": "bag polkadot"}, {"weight": 141, "source": "hanging heart tlight holder", "target": "kitchen scale"}, {"weight": 141, "source": "hanging heart tlight holder", "target": "heart filigree dove"}, {"weight": 140, "source": "hanging heart tlight holder", "target": "teatime fairy cake case"}, {"weight": 140, "source": "hanging heart tlight holder", "target": "hanging heart jar tlight holder"}, {"weight": 139, "source": "hanging heart tlight holder", "target": "lunch bag woodland"}, {"weight": 139, "source": "hanging heart tlight holder", "target": "heart trellis"}, {"weight": 137, "source": "hanging heart tlight holder", "target": "gardener kneeling cup"}, {"weight": 135, "source": "hanging heart tlight holder", "target": "doormat retrospot"}, {"weight": 135, "source": "hanging heart tlight holder", "target": "paper chain christmas"}, {"weight": 135, "source": "hanging heart tlight holder", "target": "wicker star"}, {"weight": 134, "source": "hanging heart tlight holder", "target": "bathroom metal sign"}, {"weight": 132, "source": "hanging heart tlight holder", "target": "diner wall clock"}, {"weight": 131, "source": "hanging heart tlight holder", "target": "jam making printed"}, {"weight": 130, "source": "hanging heart tlight holder", "target": "wood cabinet finish"}, {"weight": 130, "source": "hanging heart tlight holder", "target": "hanging heart zinc tlight holder"}, {"weight": 130, "source": "hanging heart tlight holder", "target": "felt craft trinket box"}, {"weight": 128, "source": "hanging heart tlight holder", "target": "bag vintage paisley"}, {"weight": 127, "source": "hanging heart tlight holder", "target": "sweetheart mini chest"}, {"weight": 127, "source": "hanging heart tlight holder", "target": "dog water bottle"}, {"weight": 127, "source": "hanging heart tlight holder", "target": "retrospot charlotte bag"}, {"weight": 126, "source": "hanging heart tlight holder", "target": "parasol"}, {"weight": 126, "source": "hanging heart tlight holder", "target": "lunch bag design"}, {"weight": 124, "source": "hanging heart tlight holder", "target": "jam making jar"}, {"weight": 124, "source": "hanging heart tlight holder", "target": "retrospot paper napkin"}, {"weight": 124, "source": "hanging heart tlight holder", "target": "baking piece retrospot"}, {"weight": 121, "source": "hanging heart tlight holder", "target": "paisley cake case"}, {"weight": 121, "source": "hanging heart tlight holder", "target": "sweetheart fairy cake case"}, {"weight": 120, "source": "hanging heart tlight holder", "target": "heart cookie cutter"}, {"weight": 118, "source": "hanging heart tlight holder", "target": "doormat home sweet home"}, {"weight": 118, "source": "hanging heart tlight holder", "target": "dolly lunch box"}, {"weight": 118, "source": "hanging heart tlight holder", "target": "colour glass tlight holder hanging"}, {"weight": 118, "source": "hanging heart tlight holder", "target": "spice tin pantry design"}, {"weight": 117, "source": "hanging heart tlight holder", "target": "england"}, {"weight": 315, "source": "heart wicker", "target": "wicker heart"}, {"weight": 288, "source": "heart wicker", "target": "wicker star"}, {"weight": 278, "source": "heart wicker", "target": "heart decoration"}, {"weight": 246, "source": "heart wicker", "target": "heart chalkboard"}, {"weight": 232, "source": "heart wicker", "target": "picture frame"}, {"weight": 214, "source": "heart wicker", "target": "bird ornament"}, {"weight": 212, "source": "heart wicker", "target": "wooden frame antique"}, {"weight": 200, "source": "heart wicker", "target": "lunch bag skull"}, {"weight": 193, "source": "heart wicker", "target": "lunch bag retrospot"}, {"weight": 183, "source": "heart wicker", "target": "zinc heart decoration"}, {"weight": 183, "source": "heart wicker", "target": "party bunting"}, {"weight": 182, "source": "heart wicker", "target": "gardener kneeling pad calm"}, {"weight": 181, "source": "heart wicker", "target": "cake tin pantry design"}, {"weight": 176, "source": "heart wicker", "target": "bunting"}, {"weight": 174, "source": "heart wicker", "target": "heart water bottle"}, {"weight": 171, "source": "heart wicker", "target": "lunch bag suki design"}, {"weight": 171, "source": "heart wicker", "target": "rex cashcarry shopper"}, {"weight": 170, "source": "heart wicker", "target": "gardener kneeling cup"}, {"weight": 169, "source": "heart wicker", "target": "water bottle"}, {"weight": 168, "source": "heart wicker", "target": "regency cakestand tier"}, {"weight": 167, "source": "heart wicker", "target": "holder"}, {"weight": 165, "source": "heart wicker", "target": "lunch bag car"}, {"weight": 162, "source": "heart wicker", "target": "lunch bag polkadot"}, {"weight": 157, "source": "heart wicker", "target": "home building block word"}, {"weight": 152, "source": "heart wicker", "target": "alarm clock bakelike"}, {"weight": 150, "source": "heart wicker", "target": "retrospot glass bowl"}, {"weight": 150, "source": "heart wicker", "target": "lunch bag spaceboy design"}, {"weight": 149, "source": "heart wicker", "target": "paper chain christmas"}, {"weight": 149, "source": "heart wicker", "target": "photo frame cornice"}, {"weight": 148, "source": "heart wicker", "target": "recipe box pantry design"}, {"weight": 144, "source": "heart wicker", "target": "love building block word"}, {"weight": 140, "source": "heart wicker", "target": "wood board finish"}, {"weight": 138, "source": "heart wicker", "target": "kitchen scale"}, {"weight": 138, "source": "heart wicker", "target": "glass hanging tlight"}, {"weight": 138, "source": "heart wicker", "target": "water bottle calm"}, {"weight": 137, "source": "heart wicker", "target": "bag polkadot"}, {"weight": 135, "source": "heart wicker", "target": "heart card holder"}, {"weight": 132, "source": "heart wicker", "target": "wood drawer cabinet finish"}, {"weight": 130, "source": "heart wicker", "target": "retrospot cake case"}, {"weight": 126, "source": "heart wicker", "target": "heart christmas scandinavian"}, {"weight": 125, "source": "heart wicker", "target": "hanging heart jar tlight holder"}, {"weight": 123, "source": "heart wicker", "target": "jam making printed"}, {"weight": 121, "source": "heart wicker", "target": "drawer knob"}, {"weight": 121, "source": "heart wicker", "target": "retrospot charlotte bag"}, {"weight": 121, "source": "heart wicker", "target": "heart"}, {"weight": 119, "source": "heart wicker", "target": "heart trellis"}, {"weight": 119, "source": "heart wicker", "target": "hand sign"}, {"weight": 118, "source": "heart wicker", "target": "lunch bag woodland"}, {"weight": 117, "source": "heart wicker", "target": "star christmas scandinavian"}, {"weight": 277, "source": "bag polkadot", "target": "storage bag suki"}, {"weight": 254, "source": "bag polkadot", "target": "bag vintage paisley"}, {"weight": 241, "source": "bag polkadot", "target": "lunch bag polkadot"}, {"weight": 239, "source": "bag polkadot", "target": "bag baroque"}, {"weight": 239, "source": "bag polkadot", "target": "vintage paisley"}, {"weight": 234, "source": "bag polkadot", "target": "lunch bag retrospot"}, {"weight": 224, "source": "bag polkadot", "target": "bag paisley"}, {"weight": 201, "source": "bag polkadot", "target": "storage bag skull"}, {"weight": 198, "source": "bag polkadot", "target": "bag spaceboy design"}, {"weight": 193, "source": "bag polkadot", "target": "bag woodland animal"}, {"weight": 193, "source": "bag polkadot", "target": "lunch bag skull"}, {"weight": 192, "source": "bag polkadot", "target": "bag alphabet"}, {"weight": 192, "source": "bag polkadot", "target": "bag vintage"}, {"weight": 184, "source": "bag polkadot", "target": "lunch bag suki design"}, {"weight": 175, "source": "bag polkadot", "target": "lunch bag car"}, {"weight": 163, "source": "bag polkadot", "target": "retrospot charlotte bag"}, {"weight": 158, "source": "bag polkadot", "target": "bag vintage doily"}, {"weight": 149, "source": "bag polkadot", "target": "bag owl"}, {"weight": 149, "source": "bag polkadot", "target": "lunch bag spaceboy design"}, {"weight": 144, "source": "bag polkadot", "target": "lunch bag design"}, {"weight": 142, "source": "bag polkadot", "target": "charlotte bag polkadot"}, {"weight": 134, "source": "bag polkadot", "target": "lunch bag woodland"}, {"weight": 128, "source": "bag polkadot", "target": "bag dolly design"}, {"weight": 120, "source": "bag polkadot", "target": "charlotte bag suki design"}, {"weight": 508, "source": "lunch bag polkadot", "target": "lunch bag retrospot"}, {"weight": 449, "source": "lunch bag polkadot", "target": "lunch bag skull"}, {"weight": 413, "source": "lunch bag polkadot", "target": "lunch bag car"}, {"weight": 391, "source": "lunch bag polkadot", "target": "lunch bag suki design"}, {"weight": 355, "source": "lunch bag polkadot", "target": "lunch bag spaceboy design"}, {"weight": 309, "source": "lunch bag polkadot", "target": "lunch bag woodland"}, {"weight": 286, "source": "lunch bag polkadot", "target": "lunch bag design"}, {"weight": 230, "source": "lunch bag polkadot", "target": "lunch bag dolly design"}, {"weight": 222, "source": "lunch bag polkadot", "target": "lunch bag alphabet design"}, {"weight": 193, "source": "lunch bag polkadot", "target": "lunch bag vintage design"}, {"weight": 180, "source": "lunch bag polkadot", "target": "lunch bag vintage doily"}, {"weight": 175, "source": "lunch bag polkadot", "target": "retrospot charlotte bag"}, {"weight": 175, "source": "lunch bag polkadot", "target": "storage bag suki"}, {"weight": 151, "source": "lunch bag polkadot", "target": "charlotte bag polkadot"}, {"weight": 147, "source": "lunch bag polkadot", "target": "bag vintage"}, {"weight": 140, "source": "lunch bag polkadot", "target": "storage bag skull"}, {"weight": 139, "source": "lunch bag polkadot", "target": "bag vintage paisley"}, {"weight": 135, "source": "lunch bag polkadot", "target": "charlotte bag suki design"}, {"weight": 135, "source": "lunch bag polkadot", "target": "charlotte bag"}, {"weight": 133, "source": "lunch bag polkadot", "target": "vintage paisley"}, {"weight": 126, "source": "lunch bag polkadot", "target": "lunch bag doiley pattern"}, {"weight": 124, "source": "lunch bag polkadot", "target": "bag alphabet"}, {"weight": 121, "source": "lunch bag polkadot", "target": "retrospot cake case"}, {"weight": 119, "source": "lunch bag polkadot", "target": "bunting"}, {"weight": 504, "source": "lunch bag retrospot", "target": "lunch bag skull"}, {"weight": 502, "source": "lunch bag retrospot", "target": "lunch bag suki design"}, {"weight": 450, "source": "lunch bag retrospot", "target": "lunch bag spaceboy design"}, {"weight": 441, "source": "lunch bag retrospot", "target": "lunch bag car"}, {"weight": 425, "source": "lunch bag retrospot", "target": "lunch bag woodland"}, {"weight": 381, "source": "lunch bag retrospot", "target": "lunch bag design"}, {"weight": 303, "source": "lunch bag retrospot", "target": "lunch bag dolly design"}, {"weight": 260, "source": "lunch bag retrospot", "target": "lunch bag vintage design"}, {"weight": 253, "source": "lunch bag retrospot", "target": "lunch bag alphabet design"}, {"weight": 250, "source": "lunch bag retrospot", "target": "lunch bag vintage doily"}, {"weight": 236, "source": "lunch bag retrospot", "target": "retrospot charlotte bag"}, {"weight": 234, "source": "lunch bag retrospot", "target": "storage bag suki"}, {"weight": 192, "source": "lunch bag retrospot", "target": "retrospot cake case"}, {"weight": 190, "source": "lunch bag retrospot", "target": "vintage paisley"}, {"weight": 188, "source": "lunch bag retrospot", "target": "charlotte bag suki design"}, {"weight": 179, "source": "lunch bag retrospot", "target": "bag vintage"}, {"weight": 172, "source": "lunch bag retrospot", "target": "retrospot picnic bag"}, {"weight": 168, "source": "lunch bag retrospot", "target": "lunch bag doiley pattern"}, {"weight": 167, "source": "lunch bag retrospot", "target": "bag vintage paisley"}, {"weight": 166, "source": "lunch bag retrospot", "target": "charlotte bag"}, {"weight": 163, "source": "lunch bag retrospot", "target": "charlotte bag polkadot"}, {"weight": 162, "source": "lunch bag retrospot", "target": "alarm clock bakelike"}, {"weight": 162, "source": "lunch bag retrospot", "target": "party bunting"}, {"weight": 153, "source": "lunch bag retrospot", "target": "bag baroque"}, {"weight": 151, "source": "lunch bag retrospot", "target": "cake case"}, {"weight": 149, "source": "lunch bag retrospot", "target": "woodland charlotte bag"}, {"weight": 149, "source": "lunch bag retrospot", "target": "bag spaceboy design"}, {"weight": 148, "source": "lunch bag retrospot", "target": "spaceboy lunch box"}, {"weight": 148, "source": "lunch bag retrospot", "target": "bunting"}, {"weight": 148, "source": "lunch bag retrospot", "target": "bag vintage doily"}, {"weight": 147, "source": "lunch bag retrospot", "target": "holder"}, {"weight": 147, "source": "lunch bag retrospot", "target": "storage bag skull"}, {"weight": 147, "source": "lunch bag retrospot", "target": "bag paisley"}, {"weight": 147, "source": "lunch bag retrospot", "target": "retrospot glass bowl"}, {"weight": 146, "source": "lunch bag retrospot", "target": "bag alphabet"}, {"weight": 136, "source": "lunch bag retrospot", "target": "bag woodland animal"}, {"weight": 134, "source": "lunch bag retrospot", "target": "retrospot paper napkin"}, {"weight": 129, "source": "lunch bag retrospot", "target": "dolly lunch box"}, {"weight": 129, "source": "lunch bag retrospot", "target": "cake tin pantry design"}, {"weight": 127, "source": "lunch bag retrospot", "target": "bird ornament"}, {"weight": 126, "source": "lunch bag retrospot", "target": "regency cakestand tier"}, {"weight": 126, "source": "lunch bag retrospot", "target": "pantry jelly mould"}, {"weight": 125, "source": "lunch bag retrospot", "target": "retrospot shopper bag"}, {"weight": 124, "source": "lunch bag retrospot", "target": "charlotte bag design"}, {"weight": 123, "source": "lunch bag retrospot", "target": "recycling bag retrospot"}, {"weight": 121, "source": "lunch bag retrospot", "target": "lunch box cutlery"}, {"weight": 119, "source": "lunch bag retrospot", "target": "round snack box woodland"}, {"weight": 118, "source": "lunch bag retrospot", "target": "teatime fairy cake case"}, {"weight": 453, "source": "lunch bag skull", "target": "lunch bag suki design"}, {"weight": 410, "source": "lunch bag skull", "target": "lunch bag car"}, {"weight": 404, "source": "lunch bag skull", "target": "lunch bag spaceboy design"}, {"weight": 340, "source": "lunch bag skull", "target": "lunch bag woodland"}, {"weight": 314, "source": "lunch bag skull", "target": "lunch bag design"}, {"weight": 259, "source": "lunch bag skull", "target": "lunch bag dolly design"}, {"weight": 240, "source": "lunch bag skull", "target": "lunch bag vintage design"}, {"weight": 238, "source": "lunch bag skull", "target": "lunch bag alphabet design"}, {"weight": 206, "source": "lunch bag skull", "target": "lunch bag vintage doily"}, {"weight": 198, "source": "lunch bag skull", "target": "retrospot charlotte bag"}, {"weight": 184, "source": "lunch bag skull", "target": "storage bag suki"}, {"weight": 180, "source": "lunch bag skull", "target": "storage bag skull"}, {"weight": 157, "source": "lunch bag skull", "target": "bag vintage"}, {"weight": 151, "source": "lunch bag skull", "target": "charlotte bag suki design"}, {"weight": 150, "source": "lunch bag skull", "target": "charlotte bag"}, {"weight": 143, "source": "lunch bag skull", "target": "cake case"}, {"weight": 141, "source": "lunch bag skull", "target": "pencil tube skull"}, {"weight": 140, "source": "lunch bag skull", "target": "holder"}, {"weight": 139, "source": "lunch bag skull", "target": "woodland charlotte bag"}, {"weight": 138, "source": "lunch bag skull", "target": "bag baroque"}, {"weight": 138, "source": "lunch bag skull", "target": "vintage paisley"}, {"weight": 135, "source": "lunch bag skull", "target": "charlotte bag polkadot"}, {"weight": 131, "source": "lunch bag skull", "target": "bag alphabet"}, {"weight": 131, "source": "lunch bag skull", "target": "lunch bag doiley pattern"}, {"weight": 130, "source": "lunch bag skull", "target": "retrospot cake case"}, {"weight": 126, "source": "lunch bag skull", "target": "bag vintage doily"}, {"weight": 120, "source": "lunch bag skull", "target": "bag spaceboy design"}, {"weight": 120, "source": "lunch bag skull", "target": "party bunting"}, {"weight": 119, "source": "lunch bag skull", "target": "bag vintage paisley"}, {"weight": 117, "source": "lunch bag skull", "target": "plaster tin skull"}, {"weight": 117, "source": "lunch bag skull", "target": "bunting"}, {"weight": 432, "source": "lunch bag suki design", "target": "lunch bag car"}, {"weight": 426, "source": "lunch bag suki design", "target": "lunch bag spaceboy design"}, {"weight": 353, "source": "lunch bag suki design", "target": "lunch bag woodland"}, {"weight": 351, "source": "lunch bag suki design", "target": "lunch bag design"}, {"weight": 289, "source": "lunch bag suki design", "target": "lunch bag dolly design"}, {"weight": 253, "source": "lunch bag suki design", "target": "storage bag suki"}, {"weight": 252, "source": "lunch bag suki design", "target": "lunch bag alphabet design"}, {"weight": 246, "source": "lunch bag suki design", "target": "lunch bag vintage design"}, {"weight": 199, "source": "lunch bag suki design", "target": "charlotte bag suki design"}, {"weight": 190, "source": "lunch bag suki design", "target": "lunch bag vintage doily"}, {"weight": 187, "source": "lunch bag suki design", "target": "retrospot charlotte bag"}, {"weight": 177, "source": "lunch bag suki design", "target": "vintage paisley"}, {"weight": 146, "source": "lunch bag suki design", "target": "woodland charlotte bag"}, {"weight": 142, "source": "lunch bag suki design", "target": "party bunting"}, {"weight": 142, "source": "lunch bag suki design", "target": "bag alphabet"}, {"weight": 142, "source": "lunch bag suki design", "target": "bag vintage"}, {"weight": 141, "source": "lunch bag suki design", "target": "charlotte bag"}, {"weight": 140, "source": "lunch bag suki design", "target": "storage bag skull"}, {"weight": 138, "source": "lunch bag suki design", "target": "lunch bag doiley pattern"}, {"weight": 136, "source": "lunch bag suki design", "target": "bag vintage paisley"}, {"weight": 135, "source": "lunch bag suki design", "target": "holder"}, {"weight": 133, "source": "lunch bag suki design", "target": "bag baroque"}, {"weight": 133, "source": "lunch bag suki design", "target": "charlotte bag polkadot"}, {"weight": 132, "source": "lunch bag suki design", "target": "retrospot cake case"}, {"weight": 125, "source": "lunch bag suki design", "target": "alarm clock bakelike"}, {"weight": 123, "source": "lunch bag suki design", "target": "bunting"}, {"weight": 121, "source": "lunch bag suki design", "target": "spaceboy lunch box"}, {"weight": 120, "source": "lunch bag suki design", "target": "cake case"}, {"weight": 451, "source": "regency cakestand tier", "target": "regency teacup saucer"}, {"weight": 230, "source": "regency cakestand tier", "target": "alarm clock bakelike"}, {"weight": 230, "source": "regency cakestand tier", "target": "regency cake tin"}, {"weight": 217, "source": "regency cakestand tier", "target": "bird ornament"}, {"weight": 213, "source": "regency cakestand tier", "target": "party bunting"}, {"weight": 194, "source": "regency cakestand tier", "target": "cake tin pantry design"}, {"weight": 185, "source": "regency cakestand tier", "target": "kitchen scale"}, {"weight": 182, "source": "regency cakestand tier", "target": "regency teapot"}, {"weight": 167, "source": "regency cakestand tier", "target": "retrospot cake case"}, {"weight": 164, "source": "regency cakestand tier", "target": "regency plate"}, {"weight": 163, "source": "regency cakestand tier", "target": "jam making printed"}, {"weight": 158, "source": "regency cakestand tier", "target": "jam making jar"}, {"weight": 148, "source": "regency cakestand tier", "target": "recipe box pantry design"}, {"weight": 142, "source": "regency cakestand tier", "target": "retrospot cake stand"}, {"weight": 142, "source": "regency cakestand tier", "target": "regency sugar bowl"}, {"weight": 136, "source": "regency cakestand tier", "target": "water bottle"}, {"weight": 135, "source": "regency cakestand tier", "target": "regency milk jug"}, {"weight": 134, "source": "regency cakestand tier", "target": "spaceboy lunch box"}, {"weight": 134, "source": "regency cakestand tier", "target": "pantry jelly mould"}, {"weight": 126, "source": "regency cakestand tier", "target": "diner wall clock"}, {"weight": 125, "source": "regency cakestand tier", "target": "paisley cake case"}, {"weight": 124, "source": "regency cakestand tier", "target": "ribbon charm"}, {"weight": 121, "source": "regency cakestand tier", "target": "trinket box"}, {"weight": 117, "source": "regency cakestand tier", "target": "dolly lunch box"}, {"weight": 117, "source": "regency cakestand tier", "target": "picture frame"}, {"weight": 117, "source": "regency cakestand tier", "target": "baking piece retrospot"}, {"weight": 222, "source": "regency teacup saucer", "target": "regency plate"}, {"weight": 195, "source": "regency teacup saucer", "target": "regency teapot"}, {"weight": 154, "source": "regency teacup saucer", "target": "regency cake tin"}, {"weight": 150, "source": "regency teacup saucer", "target": "regency sugar bowl"}, {"weight": 146, "source": "regency teacup saucer", "target": "regency milk jug"}, {"weight": 144, "source": "regency teacup saucer", "target": "alarm clock bakelike"}, {"weight": 134, "source": "regency teacup saucer", "target": "bird ornament"}, {"weight": 128, "source": "regency teacup saucer", "target": "party bunting"}, {"weight": 123, "source": "regency teacup saucer", "target": "cake tin pantry design"}, {"weight": 119, "source": "regency teacup saucer", "target": "jam making jar"}, {"weight": 390, "source": "lunch bag spaceboy design", "target": "lunch bag woodland"}, {"weight": 372, "source": "lunch bag spaceboy design", "target": "lunch bag car"}, {"weight": 337, "source": "lunch bag spaceboy design", "target": "lunch bag dolly design"}, {"weight": 300, "source": "lunch bag spaceboy design", "target": "lunch bag design"}, {"weight": 233, "source": "lunch bag spaceboy design", "target": "lunch bag alphabet design"}, {"weight": 218, "source": "lunch bag spaceboy design", "target": "lunch bag vintage design"}, {"weight": 191, "source": "lunch bag spaceboy design", "target": "lunch bag vintage doily"}, {"weight": 187, "source": "lunch bag spaceboy design", "target": "spaceboy lunch box"}, {"weight": 172, "source": "lunch bag spaceboy design", "target": "retrospot charlotte bag"}, {"weight": 159, "source": "lunch bag spaceboy design", "target": "bag spaceboy design"}, {"weight": 157, "source": "lunch bag spaceboy design", "target": "storage bag suki"}, {"weight": 140, "source": "lunch bag spaceboy design", "target": "dolly lunch box"}, {"weight": 140, "source": "lunch bag spaceboy design", "target": "alarm clock bakelike"}, {"weight": 132, "source": "lunch bag spaceboy design", "target": "charlotte bag suki design"}, {"weight": 132, "source": "lunch bag spaceboy design", "target": "charlotte bag"}, {"weight": 130, "source": "lunch bag spaceboy design", "target": "plaster tin spaceboy"}, {"weight": 126, "source": "lunch bag spaceboy design", "target": "vintage paisley"}, {"weight": 126, "source": "lunch bag spaceboy design", "target": "charlotte bag polkadot"}, {"weight": 123, "source": "lunch bag spaceboy design", "target": "round snack box woodland"}, {"weight": 122, "source": "lunch bag spaceboy design", "target": "holder"}, {"weight": 122, "source": "lunch bag spaceboy design", "target": "retrospot cake case"}, {"weight": 120, "source": "lunch bag spaceboy design", "target": "bag vintage"}, {"weight": 119, "source": "lunch bag spaceboy design", "target": "childrens apron design"}, {"weight": 449, "source": "picture frame", "target": "wooden frame antique"}, {"weight": 194, "source": "picture frame", "target": "wood drawer cabinet finish"}, {"weight": 148, "source": "picture frame", "target": "photo frame cornice"}, {"weight": 147, "source": "picture frame", "target": "wood board finish"}, {"weight": 145, "source": "picture frame", "target": "wood cabinet finish"}, {"weight": 130, "source": "picture frame", "target": "party bunting"}, {"weight": 127, "source": "picture frame", "target": "bird ornament"}, {"weight": 119, "source": "picture frame", "target": "heart decoration"}, {"weight": 178, "source": "wooden frame antique", "target": "wood drawer cabinet finish"}, {"weight": 135, "source": "wooden frame antique", "target": "photo frame cornice"}, {"weight": 122, "source": "wooden frame antique", "target": "wood board finish"}, {"weight": 344, "source": "lunch bag car", "target": "lunch bag woodland"}, {"weight": 278, "source": "lunch bag car", "target": "lunch bag design"}, {"weight": 239, "source": "lunch bag car", "target": "lunch bag dolly design"}, {"weight": 224, "source": "lunch bag car", "target": "lunch bag alphabet design"}, {"weight": 196, "source": "lunch bag car", "target": "lunch bag vintage design"}, {"weight": 168, "source": "lunch bag car", "target": "retrospot charlotte bag"}, {"weight": 168, "source": "lunch bag car", "target": "storage bag suki"}, {"weight": 149, "source": "lunch bag car", "target": "lunch bag vintage doily"}, {"weight": 143, "source": "lunch bag car", "target": "charlotte bag"}, {"weight": 139, "source": "lunch bag car", "target": "charlotte bag suki design"}, {"weight": 137, "source": "lunch bag car", "target": "vintage paisley"}, {"weight": 136, "source": "lunch bag car", "target": "bag alphabet"}, {"weight": 133, "source": "lunch bag car", "target": "charlotte bag polkadot"}, {"weight": 132, "source": "lunch bag car", "target": "bag vintage"}, {"weight": 130, "source": "lunch bag car", "target": "woodland charlotte bag"}, {"weight": 120, "source": "lunch bag car", "target": "bag baroque"}, {"weight": 120, "source": "lunch bag car", "target": "lunch bag doiley pattern"}, {"weight": 118, "source": "lunch bag car", "target": "storage bag skull"}, {"weight": 440, "source": "gardener kneeling cup", "target": "gardener kneeling pad calm"}, {"weight": 128, "source": "gardener kneeling pad calm", "target": "doormat calm come"}, {"weight": 291, "source": "lunch bag woodland", "target": "lunch bag design"}, {"weight": 248, "source": "lunch bag woodland", "target": "lunch bag dolly design"}, {"weight": 198, "source": "lunch bag woodland", "target": "lunch bag alphabet design"}, {"weight": 187, "source": "lunch bag woodland", "target": "lunch bag vintage design"}, {"weight": 153, "source": "lunch bag woodland", "target": "round snack box woodland"}, {"weight": 153, "source": "lunch bag woodland", "target": "woodland charlotte bag"}, {"weight": 152, "source": "lunch bag woodland", "target": "lunch bag vintage doily"}, {"weight": 146, "source": "lunch bag woodland", "target": "retrospot charlotte bag"}, {"weight": 140, "source": "lunch bag woodland", "target": "bag woodland animal"}, {"weight": 138, "source": "lunch bag woodland", "target": "spaceboy lunch box"}, {"weight": 129, "source": "lunch bag woodland", "target": "storage bag suki"}, {"weight": 129, "source": "lunch bag woodland", "target": "charlotte bag suki design"}, {"weight": 125, "source": "lunch bag woodland", "target": "charlotte bag"}, {"weight": 118, "source": "lunch bag woodland", "target": "dolly lunch box"}, {"weight": 245, "source": "storage bag suki", "target": "vintage paisley"}, {"weight": 235, "source": "storage bag suki", "target": "bag baroque"}, {"weight": 196, "source": "storage bag suki", "target": "bag vintage"}, {"weight": 195, "source": "storage bag suki", "target": "bag vintage paisley"}, {"weight": 195, "source": "storage bag suki", "target": "bag spaceboy design"}, {"weight": 191, "source": "storage bag suki", "target": "storage bag skull"}, {"weight": 182, "source": "storage bag suki", "target": "bag alphabet"}, {"weight": 179, "source": "storage bag suki", "target": "bag paisley"}, {"weight": 173, "source": "storage bag suki", "target": "bag woodland animal"}, {"weight": 161, "source": "storage bag suki", "target": "charlotte bag suki design"}, {"weight": 157, "source": "storage bag suki", "target": "bag owl"}, {"weight": 153, "source": "storage bag suki", "target": "retrospot charlotte bag"}, {"weight": 139, "source": "storage bag suki", "target": "lunch bag design"}, {"weight": 138, "source": "storage bag suki", "target": "bag vintage doily"}, {"weight": 136, "source": "storage bag suki", "target": "bag dolly design"}, {"weight": 417, "source": "paper chain christmas", "target": "paper chain vintage christmas"}, {"weight": 163, "source": "paper chain christmas", "target": "bag christmas"}, {"weight": 157, "source": "paper chain christmas", "target": "water bottle"}, {"weight": 152, "source": "paper chain christmas", "target": "box mini cracker"}, {"weight": 151, "source": "paper chain christmas", "target": "vintage christmas napkin"}, {"weight": 149, "source": "paper chain christmas", "target": "heart decoration"}, {"weight": 143, "source": "paper chain christmas", "target": "cake case vintage christmas"}, {"weight": 137, "source": "paper chain christmas", "target": "christmas craft friend"}, {"weight": 131, "source": "paper chain christmas", "target": "hand warmer owl design"}, {"weight": 123, "source": "paper chain christmas", "target": "heart water bottle"}, {"weight": 121, "source": "paper chain christmas", "target": "alarm clock bakelike"}, {"weight": 119, "source": "paper chain christmas", "target": "water bottle calm"}, {"weight": 152, "source": "paper chain vintage christmas", "target": "cake case vintage christmas"}, {"weight": 146, "source": "paper chain vintage christmas", "target": "vintage christmas napkin"}, {"weight": 121, "source": "paper chain vintage christmas", "target": "box mini vintage cracker"}, {"weight": 404, "source": "dolly lunch box", "target": "spaceboy lunch box"}, {"weight": 154, "source": "dolly lunch box", "target": "lunch box love london"}, {"weight": 135, "source": "dolly lunch box", "target": "lunch bag dolly design"}, {"weight": 126, "source": "dolly lunch box", "target": "circus parade lunch box"}, {"weight": 124, "source": "dolly lunch box", "target": "round snack box woodland"}, {"weight": 117, "source": "dolly lunch box", "target": "alarm clock bakelike"}, {"weight": 173, "source": "spaceboy lunch box", "target": "lunch box love london"}, {"weight": 160, "source": "spaceboy lunch box", "target": "round snack box woodland"}, {"weight": 141, "source": "spaceboy lunch box", "target": "circus parade lunch box"}, {"weight": 136, "source": "spaceboy lunch box", "target": "plaster tin spaceboy"}, {"weight": 132, "source": "spaceboy lunch box", "target": "lunch bag dolly design"}, {"weight": 129, "source": "spaceboy lunch box", "target": "alarm clock bakelike"}, {"weight": 124, "source": "spaceboy lunch box", "target": "round snack box fruit"}, {"weight": 391, "source": "drawer knob", "target": "spot drawer knob"}, {"weight": 130, "source": "drawer knob", "target": "alarm clock bakelike"}, {"weight": 123, "source": "drawer knob", "target": "drawer knob crackle glaze"}, {"weight": 117, "source": "drawer knob", "target": "drawerknob"}, {"weight": 251, "source": "bag vintage", "target": "bag alphabet"}, {"weight": 219, "source": "bag vintage", "target": "bag vintage doily"}, {"weight": 203, "source": "bag vintage", "target": "lunch bag vintage design"}, {"weight": 203, "source": "bag vintage", "target": "vintage paisley"}, {"weight": 194, "source": "bag vintage", "target": "bag doiley pattern"}, {"weight": 169, "source": "bag vintage", "target": "lunch bag design"}, {"weight": 161, "source": "bag vintage", "target": "bag vintage paisley"}, {"weight": 151, "source": "bag vintage", "target": "bag baroque"}, {"weight": 132, "source": "bag vintage", "target": "bag paisley"}, {"weight": 132, "source": "bag vintage", "target": "bag spaceboy design"}, {"weight": 127, "source": "bag vintage", "target": "lunch bag alphabet design"}, {"weight": 125, "source": "bag vintage", "target": "lunch bag doiley pattern"}, {"weight": 121, "source": "bag vintage", "target": "bunting"}, {"weight": 256, "source": "vintage paisley", "target": "bag vintage paisley"}, {"weight": 227, "source": "vintage paisley", "target": "bag baroque"}, {"weight": 220, "source": "vintage paisley", "target": "bag paisley"}, {"weight": 162, "source": "vintage paisley", "target": "bag alphabet"}, {"weight": 146, "source": "vintage paisley", "target": "bag vintage doily"}, {"weight": 140, "source": "vintage paisley", "target": "storage bag skull"}, {"weight": 139, "source": "vintage paisley", "target": "bag woodland animal"}, {"weight": 139, "source": "vintage paisley", "target": "bag spaceboy design"}, {"weight": 120, "source": "vintage paisley", "target": "lunch bag design"}, {"weight": 302, "source": "lunch bag design", "target": "lunch bag alphabet design"}, {"weight": 298, "source": "lunch bag design", "target": "lunch bag vintage design"}, {"weight": 199, "source": "lunch bag design", "target": "lunch bag dolly design"}, {"weight": 189, "source": "lunch bag design", "target": "lunch bag doiley pattern"}, {"weight": 188, "source": "lunch bag design", "target": "lunch bag vintage doily"}, {"weight": 182, "source": "lunch bag design", "target": "charlotte bag design"}, {"weight": 171, "source": "lunch bag design", "target": "bag alphabet"}, {"weight": 151, "source": "lunch bag design", "target": "retrospot charlotte bag"}, {"weight": 144, "source": "lunch bag design", "target": "bunting"}, {"weight": 133, "source": "lunch bag design", "target": "charlotte bag suki design"}, {"weight": 133, "source": "lunch bag design", "target": "party bunting"}, {"weight": 370, "source": "bunting", "target": "party bunting"}, {"weight": 150, "source": "bunting", "target": "bird ornament"}, {"weight": 120, "source": "bunting", "target": "alarm clock bakelike"}, {"weight": 177, "source": "party bunting", "target": "bird ornament"}, {"weight": 161, "source": "party bunting", "target": "alarm clock bakelike"}, {"weight": 158, "source": "party bunting", "target": "cake tin pantry design"}, {"weight": 155, "source": "party bunting", "target": "time party bunting"}, {"weight": 142, "source": "party bunting", "target": "birthday bunting"}, {"weight": 140, "source": "party bunting", "target": "paper bunting retrospot"}, {"weight": 126, "source": "party bunting", "target": "pantry jelly mould"}, {"weight": 123, "source": "party bunting", "target": "heart chalkboard"}, {"weight": 119, "source": "party bunting", "target": "retrospot cake case"}, {"weight": 224, "source": "bag alphabet", "target": "lunch bag alphabet design"}, {"weight": 146, "source": "bag alphabet", "target": "bag vintage paisley"}, {"weight": 145, "source": "bag alphabet", "target": "bag vintage doily"}, {"weight": 142, "source": "bag alphabet", "target": "bag doiley pattern"}, {"weight": 135, "source": "bag alphabet", "target": "bag baroque"}, {"weight": 125, "source": "bag alphabet", "target": "lunch bag vintage design"}, {"weight": 125, "source": "bag alphabet", "target": "bag spaceboy design"}, {"weight": 123, "source": "bag alphabet", "target": "bag paisley"}, {"weight": 353, "source": "heart water bottle", "target": "water bottle"}, {"weight": 279, "source": "heart water bottle", "target": "dog water bottle"}, {"weight": 172, "source": "heart water bottle", "target": "water bottle calm"}, {"weight": 167, "source": "heart water bottle", "target": "water bottle poorly"}, {"weight": 149, "source": "heart water bottle", "target": "love water bottle"}, {"weight": 142, "source": "heart water bottle", "target": "water bottle sympathy"}, {"weight": 126, "source": "heart water bottle", "target": "chick water bottle"}, {"weight": 122, "source": "heart water bottle", "target": "skull water bottle"}, {"weight": 306, "source": "water bottle", "target": "dog water bottle"}, {"weight": 293, "source": "water bottle", "target": "water bottle sympathy"}, {"weight": 288, "source": "water bottle", "target": "water bottle poorly"}, {"weight": 282, "source": "water bottle", "target": "water bottle calm"}, {"weight": 177, "source": "water bottle", "target": "skull water bottle"}, {"weight": 164, "source": "water bottle", "target": "love water bottle"}, {"weight": 158, "source": "water bottle", "target": "hand warmer owl design"}, {"weight": 142, "source": "water bottle", "target": "woolly heart"}, {"weight": 140, "source": "water bottle", "target": "knitted union flag water bottle"}, {"weight": 139, "source": "water bottle", "target": "alarm clock bakelike"}, {"weight": 133, "source": "water bottle", "target": "hand warmer scotty dog design"}, {"weight": 124, "source": "water bottle", "target": "hand warmer bird design"}, {"weight": 119, "source": "water bottle", "target": "heart decoration"}, {"weight": 118, "source": "water bottle", "target": "chick water bottle"}, {"weight": 173, "source": "bag baroque", "target": "bag vintage paisley"}, {"weight": 154, "source": "bag baroque", "target": "bag paisley"}, {"weight": 151, "source": "bag baroque", "target": "storage bag skull"}, {"weight": 125, "source": "bag baroque", "target": "bag spaceboy design"}, {"weight": 119, "source": "bag baroque", "target": "bag woodland animal"}, {"weight": 171, "source": "lunch bag dolly design", "target": "lunch bag alphabet design"}, {"weight": 129, "source": "lunch bag dolly design", "target": "lunch bag vintage design"}, {"weight": 280, "source": "bag vintage paisley", "target": "bag paisley"}, {"weight": 140, "source": "bag vintage paisley", "target": "bag woodland animal"}, {"weight": 128, "source": "bag vintage paisley", "target": "bag spaceboy design"}, {"weight": 128, "source": "bag vintage paisley", "target": "storage bag skull"}, {"weight": 141, "source": "wicker heart", "target": "heart decoration"}, {"weight": 137, "source": "wicker heart", "target": "wicker star"}, {"weight": 314, "source": "charlotte bag polkadot", "target": "retrospot charlotte bag"}, {"weight": 223, "source": "charlotte bag polkadot", "target": "charlotte bag suki design"}, {"weight": 204, "source": "charlotte bag polkadot", "target": "charlotte bag"}, {"weight": 188, "source": "charlotte bag polkadot", "target": "woodland charlotte bag"}, {"weight": 144, "source": "charlotte bag polkadot", "target": "charlotte bag design"}, {"weight": 143, "source": "charlotte bag polkadot", "target": "charlotte bag dolly design"}, {"weight": 290, "source": "retrospot charlotte bag", "target": "charlotte bag"}, {"weight": 289, "source": "retrospot charlotte bag", "target": "charlotte bag suki design"}, {"weight": 276, "source": "retrospot charlotte bag", "target": "woodland charlotte bag"}, {"weight": 205, "source": "retrospot charlotte bag", "target": "charlotte bag design"}, {"weight": 183, "source": "retrospot charlotte bag", "target": "charlotte bag dolly design"}, {"weight": 150, "source": "retrospot charlotte bag", "target": "charlotte bag vintage alphabet"}, {"weight": 121, "source": "retrospot charlotte bag", "target": "retrospot cake case"}, {"weight": 313, "source": "cake case", "target": "retrospot cake case"}, {"weight": 234, "source": "cake case", "target": "dinosaur cake case"}, {"weight": 223, "source": "cake case", "target": "teatime fairy cake case"}, {"weight": 212, "source": "cake case", "target": "paisley cake case"}, {"weight": 197, "source": "cake case", "target": "spaceboy cake case"}, {"weight": 162, "source": "cake case", "target": "sweetheart fairy cake case"}, {"weight": 152, "source": "cake case", "target": "cake case dolly design"}, {"weight": 312, "source": "retrospot cake case", "target": "paisley cake case"}, {"weight": 311, "source": "retrospot cake case", "target": "teatime fairy cake case"}, {"weight": 254, "source": "retrospot cake case", "target": "dinosaur cake case"}, {"weight": 214, "source": "retrospot cake case", "target": "sweetheart fairy cake case"}, {"weight": 201, "source": "retrospot cake case", "target": "spaceboy cake case"}, {"weight": 200, "source": "retrospot cake case", "target": "retrospot paper napkin"}, {"weight": 177, "source": "retrospot cake case", "target": "cake case dolly design"}, {"weight": 165, "source": "retrospot cake case", "target": "pantry design cake case"}, {"weight": 145, "source": "retrospot cake case", "target": "pantry jelly mould"}, {"weight": 143, "source": "retrospot cake case", "target": "holder"}, {"weight": 140, "source": "retrospot cake case", "target": "jam making printed"}, {"weight": 140, "source": "retrospot cake case", "target": "jam making jar"}, {"weight": 135, "source": "retrospot cake case", "target": "retrospot paper doily"}, {"weight": 135, "source": "retrospot cake case", "target": "cake tin pantry design"}, {"weight": 134, "source": "retrospot cake case", "target": "alarm clock bakelike"}, {"weight": 133, "source": "retrospot cake case", "target": "retrospot glass bowl"}, {"weight": 128, "source": "retrospot cake case", "target": "polkadot party candle"}, {"weight": 125, "source": "retrospot cake case", "target": "clothes peg retrospot"}, {"weight": 119, "source": "retrospot cake case", "target": "man cookie cutter"}, {"weight": 117, "source": "retrospot cake case", "target": "recipe box pantry design"}, {"weight": 264, "source": "paisley cake case", "target": "teatime fairy cake case"}, {"weight": 187, "source": "paisley cake case", "target": "dinosaur cake case"}, {"weight": 169, "source": "paisley cake case", "target": "sweetheart fairy cake case"}, {"weight": 142, "source": "paisley cake case", "target": "cake case dolly design"}, {"weight": 141, "source": "paisley cake case", "target": "spaceboy cake case"}, {"weight": 134, "source": "paisley cake case", "target": "pantry design cake case"}, {"weight": 213, "source": "teatime fairy cake case", "target": "sweetheart fairy cake case"}, {"weight": 211, "source": "teatime fairy cake case", "target": "dinosaur cake case"}, {"weight": 158, "source": "teatime fairy cake case", "target": "spaceboy cake case"}, {"weight": 145, "source": "teatime fairy cake case", "target": "cake case dolly design"}, {"weight": 135, "source": "teatime fairy cake case", "target": "pantry design cake case"}, {"weight": 163, "source": "dog water bottle", "target": "water bottle calm"}, {"weight": 141, "source": "dog water bottle", "target": "water bottle poorly"}, {"weight": 136, "source": "dog water bottle", "target": "hand warmer scotty dog design"}, {"weight": 135, "source": "dog water bottle", "target": "water bottle sympathy"}, {"weight": 129, "source": "dog water bottle", "target": "love water bottle"}, {"weight": 239, "source": "lunch bag alphabet design", "target": "lunch bag vintage design"}, {"weight": 132, "source": "lunch bag alphabet design", "target": "lunch bag doiley pattern"}, {"weight": 131, "source": "lunch bag alphabet design", "target": "lunch bag vintage doily"}, {"weight": 166, "source": "lunch bag vintage design", "target": "lunch bag vintage doily"}, {"weight": 147, "source": "lunch bag vintage design", "target": "lunch bag doiley pattern"}, {"weight": 122, "source": "lunch bag vintage design", "target": "charlotte bag design"}, {"weight": 214, "source": "water bottle sympathy", "target": "water bottle calm"}, {"weight": 170, "source": "water bottle sympathy", "target": "water bottle poorly"}, {"weight": 230, "source": "charlotte bag", "target": "charlotte bag suki design"}, {"weight": 211, "source": "charlotte bag", "target": "woodland charlotte bag"}, {"weight": 155, "source": "charlotte bag", "target": "charlotte bag design"}, {"weight": 145, "source": "charlotte bag", "target": "charlotte bag dolly design"}, {"weight": 236, "source": "charlotte bag suki design", "target": "woodland charlotte bag"}, {"weight": 175, "source": "charlotte bag suki design", "target": "charlotte bag dolly design"}, {"weight": 172, "source": "charlotte bag suki design", "target": "charlotte bag design"}, {"weight": 138, "source": "charlotte bag suki design", "target": "charlotte bag vintage alphabet"}, {"weight": 288, "source": "paper cup", "target": "paper plate"}, {"weight": 204, "source": "paper cup", "target": "retrospot paper napkin"}, {"weight": 124, "source": "paper cup", "target": "paper napkin"}, {"weight": 231, "source": "paper plate", "target": "retrospot paper napkin"}, {"weight": 121, "source": "paper plate", "target": "paper napkin"}, {"weight": 168, "source": "water bottle poorly", "target": "water bottle calm"}, {"weight": 287, "source": "pencil tube retrospot", "target": "pencil tube skull"}, {"weight": 234, "source": "pencil tube retrospot", "target": "pencil tube woodland"}, {"weight": 229, "source": "pencil tube skull", "target": "pencil tube woodland"}, {"weight": 285, "source": "jam making jar", "target": "jam making printed"}, {"weight": 221, "source": "jam making jar", "target": "cake tin pantry design"}, {"weight": 177, "source": "jam making jar", "target": "pantry jelly mould"}, {"weight": 174, "source": "jam making jar", "target": "recipe box pantry design"}, {"weight": 147, "source": "jam making jar", "target": "spice tin pantry design"}, {"weight": 134, "source": "jam making jar", "target": "kitchen scale"}, {"weight": 117, "source": "jam making jar", "target": "alarm clock bakelike"}, {"weight": 186, "source": "jam making printed", "target": "cake tin pantry design"}, {"weight": 155, "source": "jam making printed", "target": "recipe box pantry design"}, {"weight": 147, "source": "jam making printed", "target": "pantry jelly mould"}, {"weight": 122, "source": "jam making printed", "target": "kitchen scale"}, {"weight": 117, "source": "jam making printed", "target": "alarm clock bakelike"}, {"weight": 229, "source": "bag vintage doily", "target": "lunch bag vintage doily"}, {"weight": 155, "source": "bag vintage doily", "target": "bag christmas"}, {"weight": 121, "source": "bag vintage doily", "target": "bag vintage christmas"}, {"weight": 217, "source": "bird ornament", "target": "painted metal"}, {"weight": 188, "source": "bird ornament", "target": "alarm clock bakelike"}, {"weight": 154, "source": "bird ornament", "target": "glass hanging tlight"}, {"weight": 150, "source": "bird ornament", "target": "heart decoration"}, {"weight": 141, "source": "bird ornament", "target": "home building block word"}, {"weight": 133, "source": "bird ornament", "target": "heart chalkboard"}, {"weight": 121, "source": "bird ornament", "target": "cake tin pantry design"}, {"weight": 193, "source": "water bottle calm", "target": "love water bottle"}, {"weight": 132, "source": "water bottle calm", "target": "hand warmer owl design"}, {"weight": 280, "source": "heart christmas scandinavian", "target": "star christmas scandinavian"}, {"weight": 174, "source": "heart christmas scandinavian", "target": "tree christmas scandinavian"}, {"weight": 159, "source": "heart christmas scandinavian", "target": "heart decoration"}, {"weight": 195, "source": "star christmas scandinavian", "target": "tree christmas scandinavian"}, {"weight": 146, "source": "star christmas scandinavian", "target": "heart decoration"}, {"weight": 279, "source": "cake tin pantry design", "target": "spice tin pantry design"}, {"weight": 246, "source": "cake tin pantry design", "target": "recipe box pantry design"}, {"weight": 198, "source": "cake tin pantry design", "target": "sugar tin pantry"}, {"weight": 183, "source": "cake tin pantry design", "target": "pantry jelly mould"}, {"weight": 180, "source": "cake tin pantry design", "target": "kitchen scale"}, {"weight": 167, "source": "cake tin pantry design", "target": "regency cake tin"}, {"weight": 165, "source": "cake tin pantry design", "target": "alarm clock bakelike"}, {"weight": 135, "source": "cake tin pantry design", "target": "pantry design"}, {"weight": 129, "source": "cake tin pantry design", "target": "retrospot glass bowl"}, {"weight": 143, "source": "spice tin pantry design", "target": "recipe box pantry design"}, {"weight": 188, "source": "heart decoration", "target": "stocking decoration"}, {"weight": 175, "source": "heart decoration", "target": "tree decoration"}, {"weight": 160, "source": "heart decoration", "target": "decoration"}, {"weight": 140, "source": "heart decoration", "target": "zinc heart decoration"}, {"weight": 276, "source": "plaster tin spaceboy", "target": "plaster tin woodland animal"}, {"weight": 233, "source": "plaster tin spaceboy", "target": "plaster tin circus parade"}, {"weight": 182, "source": "plaster tin spaceboy", "target": "plaster tin strongman"}, {"weight": 170, "source": "plaster tin spaceboy", "target": "plaster tin vintage paisley"}, {"weight": 160, "source": "plaster tin spaceboy", "target": "plaster tin skull"}, {"weight": 238, "source": "plaster tin woodland animal", "target": "plaster tin circus parade"}, {"weight": 185, "source": "plaster tin woodland animal", "target": "plaster tin strongman"}, {"weight": 178, "source": "plaster tin woodland animal", "target": "plaster tin vintage paisley"}, {"weight": 168, "source": "plaster tin woodland animal", "target": "plaster tin skull"}, {"weight": 122, "source": "plaster tin woodland animal", "target": "round snack box woodland"}, {"weight": 164, "source": "woodland charlotte bag", "target": "charlotte bag design"}, {"weight": 157, "source": "woodland charlotte bag", "target": "charlotte bag dolly design"}, {"weight": 275, "source": "cook metal sign", "target": "gin metal sign"}, {"weight": 252, "source": "cook metal sign", "target": "person metal sign"}, {"weight": 251, "source": "cook metal sign", "target": "hand sign"}, {"weight": 144, "source": "cook metal sign", "target": "singing metal sign"}, {"weight": 142, "source": "cook metal sign", "target": "bath metal sign"}, {"weight": 131, "source": "cook metal sign", "target": "gentleman metal sign"}, {"weight": 130, "source": "cook metal sign", "target": "way metal sign"}, {"weight": 128, "source": "cook metal sign", "target": "youre confusing metal sign"}, {"weight": 125, "source": "cook metal sign", "target": "metal sign leave"}, {"weight": 125, "source": "cook metal sign", "target": "beware cat metal sign"}, {"weight": 257, "source": "gin metal sign", "target": "hand sign"}, {"weight": 248, "source": "gin metal sign", "target": "person metal sign"}, {"weight": 167, "source": "gin metal sign", "target": "singing metal sign"}, {"weight": 159, "source": "gin metal sign", "target": "way metal sign"}, {"weight": 143, "source": "gin metal sign", "target": "beware cat metal sign"}, {"weight": 140, "source": "gin metal sign", "target": "metal sign leave"}, {"weight": 137, "source": "gin metal sign", "target": "holiday metal sign"}, {"weight": 135, "source": "gin metal sign", "target": "youre confusing metal sign"}, {"weight": 129, "source": "gin metal sign", "target": "bath metal sign"}, {"weight": 127, "source": "gin metal sign", "target": "area patrolled sign"}, {"weight": 126, "source": "gin metal sign", "target": "pottering shed metal sign"}, {"weight": 124, "source": "gin metal sign", "target": "gentleman metal sign"}, {"weight": 273, "source": "baking piece retrospot", "target": "baking spaceboy design"}, {"weight": 205, "source": "baking piece retrospot", "target": "retrospot pc"}, {"weight": 265, "source": "home building block word", "target": "love building block word"}, {"weight": 131, "source": "home building block word", "target": "bath building block word"}, {"weight": 118, "source": "home building block word", "target": "block letter"}, {"weight": 262, "source": "hand warmer owl design", "target": "hand warmer scotty dog design"}, {"weight": 247, "source": "hand warmer owl design", "target": "hand warmer bird design"}, {"weight": 194, "source": "hand warmer owl design", "target": "hand warmer union jack"}, {"weight": 192, "source": "hand warmer owl design", "target": "hand warmer love heart"}, {"weight": 177, "source": "hand warmer owl design", "target": "hand warmer retrospot"}, {"weight": 221, "source": "hand warmer scotty dog design", "target": "hand warmer bird design"}, {"weight": 173, "source": "hand warmer scotty dog design", "target": "hand warmer union jack"}, {"weight": 168, "source": "hand warmer scotty dog design", "target": "hand warmer retrospot"}, {"weight": 166, "source": "hand warmer scotty dog design", "target": "hand warmer love heart"}, {"weight": 139, "source": "bag spaceboy design", "target": "bag woodland animal"}, {"weight": 135, "source": "bag spaceboy design", "target": "bag dolly design"}, {"weight": 134, "source": "bag spaceboy design", "target": "storage bag skull"}, {"weight": 221, "source": "hand sign", "target": "person metal sign"}, {"weight": 161, "source": "hand sign", "target": "way metal sign"}, {"weight": 142, "source": "hand sign", "target": "singing metal sign"}, {"weight": 136, "source": "hand sign", "target": "bath metal sign"}, {"weight": 130, "source": "hand sign", "target": "beware cat metal sign"}, {"weight": 130, "source": "hand sign", "target": "area patrolled sign"}, {"weight": 123, "source": "hand sign", "target": "gentleman metal sign"}, {"weight": 122, "source": "hand sign", "target": "youre confusing metal sign"}, {"weight": 119, "source": "hand sign", "target": "pottering shed metal sign"}, {"weight": 118, "source": "hand sign", "target": "holiday metal sign"}, {"weight": 256, "source": "alarm clock bakelike", "target": "diner wall clock"}, {"weight": 174, "source": "alarm clock bakelike", "target": "kitchen scale"}, {"weight": 155, "source": "alarm clock bakelike", "target": "gumball coat rack"}, {"weight": 146, "source": "alarm clock bakelike", "target": "pantry jelly mould"}, {"weight": 139, "source": "alarm clock bakelike", "target": "holder"}, {"weight": 126, "source": "alarm clock bakelike", "target": "rabbit night light"}, {"weight": 124, "source": "alarm clock bakelike", "target": "harmonica box"}, {"weight": 124, "source": "alarm clock bakelike", "target": "retrospot glass bowl"}, {"weight": 117, "source": "alarm clock bakelike", "target": "bread bin diner style"}, {"weight": 181, "source": "diner wall clock", "target": "kitchen scale"}, {"weight": 182, "source": "dinosaur cake case", "target": "sweetheart fairy cake case"}, {"weight": 178, "source": "dinosaur cake case", "target": "spaceboy cake case"}, {"weight": 133, "source": "dinosaur cake case", "target": "cake case dolly design"}, {"weight": 254, "source": "round snack box fruit", "target": "round snack box woodland"}, {"weight": 127, "source": "bag woodland animal", "target": "bag owl"}, {"weight": 127, "source": "bag woodland animal", "target": "storage bag skull"}, {"weight": 169, "source": "person metal sign", "target": "gentleman metal sign"}, {"weight": 143, "source": "person metal sign", "target": "singing metal sign"}, {"weight": 132, "source": "person metal sign", "target": "youre confusing metal sign"}, {"weight": 117, "source": "person metal sign", "target": "beware cat metal sign"}, {"weight": 119, "source": "lunch bag vintage doily", "target": "lunch bag paisley park"}, {"weight": 151, "source": "hand warmer bird design", "target": "hand warmer union jack"}, {"weight": 140, "source": "hand warmer bird design", "target": "hand warmer love heart"}, {"weight": 132, "source": "hand warmer bird design", "target": "hand warmer retrospot"}, {"weight": 202, "source": "recipe box pantry design", "target": "recipe box retrospot"}, {"weight": 168, "source": "recipe box pantry design", "target": "pantry jelly mould"}, {"weight": 124, "source": "recipe box pantry design", "target": "kitchen scale"}, {"weight": 204, "source": "plaster tin circus parade", "target": "plaster tin strongman"}, {"weight": 132, "source": "plaster tin circus parade", "target": "plaster tin vintage paisley"}, {"weight": 233, "source": "playhouse bedroom", "target": "playhouse kitchen"}, {"weight": 190, "source": "playhouse bedroom", "target": "playhouse livingroom"}, {"weight": 135, "source": "playhouse bedroom", "target": "playhouse bathroom"}, {"weight": 199, "source": "playhouse kitchen", "target": "playhouse livingroom"}, {"weight": 138, "source": "playhouse kitchen", "target": "playhouse bathroom"}, {"weight": 180, "source": "retrospot paper napkin", "target": "paper napkin"}, {"weight": 231, "source": "butterfly cookie cutter", "target": "heart cookie cutter"}, {"weight": 142, "source": "butterfly cookie cutter", "target": "man cookie cutter"}, {"weight": 147, "source": "heart cookie cutter", "target": "man cookie cutter"}, {"weight": 231, "source": "bag christmas", "target": "bag vintage christmas"}, {"weight": 120, "source": "regency cake tin", "target": "sugar tin pantry"}, {"weight": 226, "source": "vintage head tail card game", "target": "vintage snap card"}, {"weight": 124, "source": "vintage head tail card game", "target": "harmonica box"}, {"weight": 159, "source": "vintage snap card", "target": "harmonica box"}, {"weight": 142, "source": "vintage snap card", "target": "box domino"}, {"weight": 124, "source": "vintage snap card", "target": "bag swirly"}, {"weight": 223, "source": "feltcraft princess charlotte doll", "target": "feltcraft princess lola doll"}, {"weight": 152, "source": "feltcraft princess charlotte doll", "target": "feltcraft princess olivia doll"}, {"weight": 137, "source": "feltcraft princess charlotte doll", "target": "felt craft trinket box"}, {"weight": 161, "source": "feltcraft princess lola doll", "target": "feltcraft princess olivia doll"}, {"weight": 121, "source": "feltcraft princess lola doll", "target": "felt craft trinket box"}, {"weight": 165, "source": "regency plate", "target": "regency teapot"}, {"weight": 153, "source": "regency plate", "target": "regency sugar bowl"}, {"weight": 143, "source": "regency plate", "target": "regency milk jug"}, {"weight": 221, "source": "cake baking case", "target": "mini loaf baking case"}, {"weight": 194, "source": "cake baking case", "target": "time baking case"}, {"weight": 180, "source": "cake baking case", "target": "snack loaf baking case"}, {"weight": 169, "source": "mini loaf baking case", "target": "snack loaf baking case"}, {"weight": 168, "source": "mini loaf baking case", "target": "time baking case"}, {"weight": 215, "source": "dolly design bowl", "target": "marshmallow bowl"}, {"weight": 126, "source": "dolly design bowl", "target": "bowl"}, {"weight": 121, "source": "marshmallow bowl", "target": "bowl"}, {"weight": 214, "source": "bathroom metal sign", "target": "toilet metal sign"}, {"weight": 162, "source": "bathroom metal sign", "target": "kitchen metal sign"}, {"weight": 145, "source": "toilet metal sign", "target": "kitchen metal sign"}, {"weight": 130, "source": "sweetheart fairy cake case", "target": "spaceboy cake case"}, {"weight": 119, "source": "sweetheart fairy cake case", "target": "cake case dolly design"}, {"weight": 206, "source": "bag doiley pattern", "target": "lunch bag doiley pattern"}, {"weight": 138, "source": "holder", "target": "pantry jelly mould"}, {"weight": 146, "source": "charlotte bag design", "target": "charlotte bag vintage alphabet"}, {"weight": 156, "source": "plaster tin strongman", "target": "plaster tin vintage paisley"}, {"weight": 158, "source": "spaceboy cake case", "target": "cake case dolly design"}, {"weight": 199, "source": "ribbon", "target": "ribbon charm"}, {"weight": 151, "source": "ribbon", "target": "box ribbon"}, {"weight": 121, "source": "ribbon", "target": "christmas ribbon"}, {"weight": 118, "source": "ribbon charm", "target": "box ribbon"}, {"weight": 130, "source": "playhouse livingroom", "target": "playhouse bathroom"}, {"weight": 195, "source": "feltcraft cushion butterfly", "target": "feltcraft cushion rabbit"}, {"weight": 169, "source": "feltcraft cushion butterfly", "target": "feltcraft cushion owl"}, {"weight": 195, "source": "feltcraft cushion rabbit", "target": "feltcraft cushion owl"}, {"weight": 126, "source": "feltcraft cushion owl", "target": "felt craft trinket box"}, {"weight": 119, "source": "feltcraft cushion owl", "target": "feltcraft shoulder bag"}, {"weight": 184, "source": "regency teapot", "target": "regency milk jug"}, {"weight": 184, "source": "regency teapot", "target": "regency sugar bowl"}, {"weight": 163, "source": "wood drawer cabinet finish", "target": "wood cabinet finish"}, {"weight": 168, "source": "hand warmer union jack", "target": "hand warmer love heart"}, {"weight": 138, "source": "hand warmer union jack", "target": "hand warmer retrospot"}, {"weight": 194, "source": "regency milk jug", "target": "regency sugar bowl"}, {"weight": 148, "source": "time baking case", "target": "snack loaf baking case"}, {"weight": 124, "source": "hand warmer love heart", "target": "hand warmer retrospot"}, {"weight": 119, "source": "photo frame cornice", "target": "family photo frame cornice"}, {"weight": 190, "source": "paisley picnic bag", "target": "vintage paisley picnic bag"}, {"weight": 124, "source": "retrospot glass bowl", "target": "clothes peg retrospot"}, {"weight": 120, "source": "retrospot glass bowl", "target": "pantry jelly mould"}, {"weight": 189, "source": "christmas craft fairy", "target": "christmas craft friend"}, {"weight": 154, "source": "christmas craft fairy", "target": "christmas craft tree angel"}, {"weight": 186, "source": "christmas craft friend", "target": "christmas craft tree angel"}, {"weight": 171, "source": "stocking decoration", "target": "tree decoration"}, {"weight": 162, "source": "stocking decoration", "target": "decoration"}, {"weight": 151, "source": "kitchen scale", "target": "bread bin diner style"}, {"weight": 184, "source": "cake childrens apron", "target": "childrens apron design"}, {"weight": 159, "source": "childrens apron design", "target": "retrospot childrens apron"}, {"weight": 156, "source": "childrens apron design", "target": "childrens apron dolly"}, {"weight": 184, "source": "colour pencil dolly", "target": "colour pencil spaceboy"}, {"weight": 119, "source": "pantry jelly mould", "target": "man cookie cutter"}, {"weight": 180, "source": "childrens cutlery dolly", "target": "childrens cutlery spaceboy"}, {"weight": 141, "source": "plaster tin vintage paisley", "target": "plaster tin skull"}, {"weight": 178, "source": "polkadot bowl", "target": "retrospot bowl"}, {"weight": 148, "source": "polkadot bowl", "target": "polkadot plate"}, {"weight": 141, "source": "polkadot bowl", "target": "polkadot cup"}, {"weight": 119, "source": "retrospot bowl", "target": "retrospot cup"}, {"weight": 152, "source": "tree decoration", "target": "decoration"}, {"weight": 129, "source": "lunch box love london", "target": "towel love london"}, {"weight": 118, "source": "lunch box love london", "target": "london tissue"}, {"weight": 127, "source": "trinket box", "target": "cake money bank"}, {"weight": 169, "source": "fob door", "target": "fob shed"}, {"weight": 169, "source": "childrens cutlery polkadot", "target": "childrens cutlery retrospot"}, {"weight": 167, "source": "doormat home sweet home", "target": "england"}, {"weight": 158, "source": "doormat home sweet home", "target": "doormat retrospot"}, {"weight": 125, "source": "doormat home sweet home", "target": "heart"}, {"weight": 126, "source": "england", "target": "doormat retrospot"}, {"weight": 121, "source": "england", "target": "heart"}, {"weight": 117, "source": "england", "target": "doormat english"}, {"weight": 161, "source": "pantry design cake case", "target": "vintage cake case"}, {"weight": 129, "source": "pantry design cake case", "target": "love london cake case"}, {"weight": 161, "source": "cake case vintage christmas", "target": "vintage christmas napkin"}, {"weight": 159, "source": "recycling bag retrospot", "target": "toy tidy polkadot"}, {"weight": 161, "source": "herb marker rosemary", "target": "herb marker thyme"}, {"weight": 160, "source": "herb marker rosemary", "target": "herb marker"}, {"weight": 160, "source": "herb marker rosemary", "target": "herb marker basil"}, {"weight": 160, "source": "herb marker rosemary", "target": "herb marker parsley"}, {"weight": 141, "source": "herb marker rosemary", "target": "herb marker chive"}, {"weight": 157, "source": "herb marker thyme", "target": "herb marker basil"}, {"weight": 157, "source": "herb marker thyme", "target": "herb marker parsley"}, {"weight": 155, "source": "herb marker thyme", "target": "herb marker"}, {"weight": 141, "source": "herb marker thyme", "target": "herb marker chive"}, {"weight": 160, "source": "hanging heart zinc tlight holder", "target": "heart zinc tlight holder"}, {"weight": 159, "source": "herb marker", "target": "herb marker parsley"}, {"weight": 158, "source": "herb marker", "target": "herb marker basil"}, {"weight": 142, "source": "herb marker", "target": "herb marker chive"}, {"weight": 157, "source": "herb marker basil", "target": "herb marker parsley"}, {"weight": 137, "source": "herb marker basil", "target": "herb marker chive"}, {"weight": 143, "source": "herb marker parsley", "target": "herb marker chive"}, {"weight": 144, "source": "harmonica box", "target": "box domino"}, {"weight": 125, "source": "harmonica box", "target": "bag swirly"}, {"weight": 119, "source": "harmonica box", "target": "world war glider asstd design"}, {"weight": 158, "source": "lunch box cutlery", "target": "lunch box cutlery retrospot"}, {"weight": 153, "source": "lunch box cutlery", "target": "skull lunch box cutlery"}, {"weight": 135, "source": "doormat retrospot", "target": "heart"}, {"weight": 130, "source": "doormat retrospot", "target": "doormat union flag"}, {"weight": 157, "source": "travel card wallet calm", "target": "travel card wallet vintage ticket"}, {"weight": 147, "source": "box mini cracker", "target": "box mini vintage cracker"}, {"weight": 150, "source": "metal sign", "target": "washroom metal sign"}, {"weight": 136, "source": "polkadot plate", "target": "polkadot cup"}, {"weight": 120, "source": "polkadot plate", "target": "retrospot plate"}, {"weight": 148, "source": "felt craft trinket box", "target": "feltcraft butterfly heart"}, {"weight": 137, "source": "felt craft trinket box", "target": "feltcraft shoulder bag"}, {"weight": 128, "source": "felt craft trinket box", "target": "feltcraft flower friend"}, {"weight": 120, "source": "felt craft trinket box", "target": "stripey mouse feltcraft"}, {"weight": 134, "source": "feltcraft butterfly heart", "target": "feltcraft flower friend"}, {"weight": 131, "source": "feltcraft butterfly heart", "target": "stripey mouse feltcraft"}, {"weight": 147, "source": "vintage cat food container", "target": "vintage dog food container"}, {"weight": 146, "source": "polkadot cup", "target": "retrospot cup"}, {"weight": 121, "source": "retrospot cup", "target": "retrospot plate"}, {"weight": 143, "source": "treasure book box", "target": "treasure island book box"}, {"weight": 141, "source": "watering bunny", "target": "watering elephant"}, {"weight": 123, "source": "watering elephant", "target": "watering dinosaur"}, {"weight": 138, "source": "monster stencil craft", "target": "stencil craft"}, {"weight": 137, "source": "blackblue polkadot umbrella", "target": "retrospot umbrella"}, {"weight": 119, "source": "retrospot umbrella", "target": "parasol"}, {"weight": 124, "source": "retrospot shopper bag", "target": "shopper bag"}, {"weight": 137, "source": "retrospot milk jug", "target": "retrospot sugar jam bowl"}, {"weight": 119, "source": "feltcraft flower friend", "target": "stripey mouse feltcraft"}, {"weight": 131, "source": "birthday card", "target": "cowboy birthday card"}, {"weight": 129, "source": "birthday card", "target": "robot birthday card"}, {"weight": 127, "source": "birthday card", "target": "party birthday card"}, {"weight": 123, "source": "birthday card", "target": "card dolly"}, {"weight": 131, "source": "polkadot wrap", "target": "retrospot wrap"}, {"weight": 131, "source": "guard mug", "target": "london bus mug"}, {"weight": 131, "source": "bag paisley park", "target": "lunch bag paisley park"}, {"weight": 128, "source": "bag paisley park", "target": "vintage doily bag"}, {"weight": 129, "source": "roll wrap christmas", "target": "roll wrap vintage christmas"}, {"weight": 119, "source": "roll wrap christmas", "target": "gift tag christmas"}, {"weight": 127, "source": "feltcraft doll molly", "target": "feltcraft doll rosie"}, {"weight": 119, "source": "feltcraft doll rosie", "target": "feltcraft doll emily"}, {"weight": 123, "source": "cake money bank", "target": "heart fairy cake money bank"}, {"weight": 126, "source": "treasure tin buffalo", "target": "treasure tin gymkhana design"}, {"weight": 120, "source": "spaceboy childrens bowl", "target": "spaceboy childrens cup"}, {"weight": 117, "source": "glass bottle perfume", "target": "glass bottle tonic"}]}