antecedents,consequents,antecedent support,consequent support,support,confidence,lift,leverage,conviction
frozenset({'bag'}),frozenset({'bag retrospot'}),0.03729456384323641,0.040455120101137804,0.01390644753476612,0.3728813559322034,9.217161016949152,0.012397691475368438,1.530085078757645
frozenset({'bag retrospot'}),frozenset({'bag'}),0.040455120101137804,0.03729456384323641,0.01390644753476612,0.34375,9.217161016949154,0.012397691475368438,1.466979712238878
frozenset({'bag retrospot'}),frozenset({'bag baroque'}),0.040455120101137804,0.020227560050568902,0.010113780025284451,0.25,12.359374999999998,0.009295471654085709,1.3063632532659082
frozenset({'bag baroque'}),frozenset({'bag retrospot'}),0.020227560050568902,0.040455120101137804,0.010113780025284451,0.5,12.359374999999998,0.009295471654085709,1.9190897597977243
frozenset({'paper chain christmas'}),frozenset({'bag christmas'}),0.051833122629582805,0.02718078381795196,0.012642225031605562,0.24390243902439024,8.973340896199659,0.011233360130801479,1.2866318665633538
frozenset({'bag christmas'}),frozenset({'paper chain christmas'}),0.02718078381795196,0.051833122629582805,0.012642225031605562,0.46511627906976744,8.97334089619966,0.011233360130801479,1.772659814214258
frozenset({'bag retrospot'}),frozenset({'bag polkadot'}),0.040455120101137804,0.02338811630847029,0.011378002528445006,0.28125,12.025337837837837,0.010431833474246461,1.35876435991865
frozenset({'bag polkadot'}),frozenset({'bag retrospot'}),0.02338811630847029,0.040455120101137804,0.011378002528445006,0.48648648648648646,12.025337837837837,0.010431833474246461,1.8685873976977838
frozenset({'baking spaceboy design'}),frozenset({'baking piece retrospot'}),0.03034134007585335,0.07079646017699115,0.02402022756005057,0.7916666666666667,11.182291666666668,0.021872168085653874,4.460176991150444
frozenset({'baking piece retrospot'}),frozenset({'baking spaceboy design'}),0.07079646017699115,0.03034134007585335,0.02402022756005057,0.3392857142857143,11.182291666666668,0.021872168085653874,1.4675914852906005
frozenset({'cake tin pantry design'}),frozenset({'baking piece retrospot'}),0.056890012642225034,0.07079646017699115,0.010745891276864728,0.18888888888888888,2.6680555555555556,0.0067182797623709205,1.1455934052612438
frozenset({'baking piece retrospot'}),frozenset({'cake tin pantry design'}),0.07079646017699115,0.056890012642225034,0.010745891276864728,0.15178571428571427,2.668055555555555,0.0067182797623709205,1.111877037727061
frozenset({'retrospot pc'}),frozenset({'baking piece retrospot'}),0.045512010113780026,0.07079646017699115,0.01706700379266751,0.375,5.296875,0.013844914581072463,1.4867256637168142
frozenset({'baking piece retrospot'}),frozenset({'retrospot pc'}),0.07079646017699115,0.045512010113780026,0.01706700379266751,0.24107142857142858,5.296875,0.013844914581072463,1.2576782925559604
frozenset({'hanging heart tlight holder'}),frozenset({'bird ornament'}),0.10176991150442478,0.06890012642225031,0.010745891276864728,0.10559006211180123,1.532508974870363,0.003733931508228634,1.0410213864306785
frozenset({'bird ornament'}),frozenset({'hanging heart tlight holder'}),0.06890012642225031,0.10176991150442478,0.010745891276864728,0.1559633027522936,1.532508974870363,0.003733931508228634,1.064207387456714
frozenset({'heart wicker'}),frozenset({'bird ornament'}),0.09734513274336283,0.06890012642225031,0.011378002528445006,0.11688311688311688,1.6964136780650543,0.004670910575836569,1.054333680374805
frozenset({'bird ornament'}),frozenset({'heart wicker'}),0.06890012642225031,0.09734513274336283,0.011378002528445006,0.1651376146788991,1.6964136780650543,0.004670910575836569,1.0812019838568512
frozenset({'bird ornament'}),frozenset({'painted metal'}),0.06890012642225031,0.03034134007585335,0.02402022756005057,0.3486238532110092,11.490061162079511,0.021929705393003783,1.4886309004469294
frozenset({'painted metal'}),frozenset({'bird ornament'}),0.03034134007585335,0.06890012642225031,0.02402022756005057,0.7916666666666667,11.490061162079513,0.021929705393003783,4.4692793931732
frozenset({'party bunting'}),frozenset({'bird ornament'}),0.06131479140328698,0.06890012642225031,0.010113780025284451,0.16494845360824742,2.3940225101674075,0.005889183146044071,1.1150208362597742
frozenset({'bird ornament'}),frozenset({'party bunting'}),0.06890012642225031,0.06131479140328698,0.010113780025284451,0.1467889908256881,2.394022510167408,0.005889183146044071,1.1001794380327066
frozenset({'box mini vintage cracker'}),frozenset({'box mini cracker'}),0.022123893805309734,0.020227560050568902,0.010113780025284451,0.4571428571428572,22.6,0.009666267634785139,1.8048439683278994
frozenset({'box mini cracker'}),frozenset({'box mini vintage cracker'}),0.020227560050568902,0.022123893805309734,0.010113780025284451,0.5,22.6,0.009666267634785139,1.9557522123893805
frozenset({'vintage christmas napkin'}),frozenset({'box mini vintage cracker'}),0.035398230088495575,0.022123893805309734,0.011378002528445006,0.32142857142857145,14.52857142857143,0.010594855845071211,1.4410805775500697
frozenset({'box mini vintage cracker'}),frozenset({'vintage christmas napkin'}),0.022123893805309734,0.035398230088495575,0.011378002528445006,0.5142857142857143,14.52857142857143,0.010594855845071211,1.9859448204060386
frozenset({'party bunting'}),frozenset({'bunting'}),0.06131479140328698,0.0316055625790139,0.012010113780025285,0.1958762886597938,6.197525773195877,0.010072225303309515,1.204285390126098
frozenset({'bunting'}),frozenset({'party bunting'}),0.0316055625790139,0.06131479140328698,0.012010113780025285,0.38000000000000006,6.197525773195877,0.010072225303309515,1.5140084009624406
frozenset({'cake baking case'}),frozenset({'mini loaf baking case'}),0.028445006321112517,0.02465233881163085,0.01580278128950695,0.5555555555555555,22.53561253561253,0.015101545356179904,2.19453223767383
frozenset({'mini loaf baking case'}),frozenset({'cake baking case'}),0.02465233881163085,0.028445006321112517,0.01580278128950695,0.641025641025641,22.535612535612533,0.015101545356179904,2.706474625248329
frozenset({'snack loaf baking case'}),frozenset({'cake baking case'}),0.020859671302149177,0.028445006321112517,0.01390644753476612,0.6666666666666667,23.43703703703704,0.013313094052720156,2.914664981036663
frozenset({'cake baking case'}),frozenset({'snack loaf baking case'}),0.028445006321112517,0.020859671302149177,0.01390644753476612,0.4888888888888889,23.437037037037037,0.013313094052720156,1.9157093387566648
frozenset({'cake baking case'}),frozenset({'time baking case'}),0.028445006321112517,0.02402022756005057,0.01327433628318584,0.4666666666666666,19.428070175438595,0.012591080758405641,1.8299620733249047
frozenset({'time baking case'}),frozenset({'cake baking case'}),0.02402022756005057,0.028445006321112517,0.01327433628318584,0.5526315789473684,19.428070175438595,0.012591080758405641,2.1717111623410426
frozenset({'dinosaur cake case'}),frozenset({'cake case'}),0.018331226295828066,0.02654867256637168,0.010745891276864728,0.5862068965517241,22.080459770114942,0.010259221552196727,2.352507374631268
frozenset({'cake case'}),frozenset({'dinosaur cake case'}),0.02654867256637168,0.018331226295828066,0.010745891276864728,0.40476190476190477,22.080459770114942,0.010259221552196727,1.649203539823009
frozenset({'cake case'}),frozenset({'paisley cake case'}),0.02654867256637168,0.0347661188369153,0.010113780025284451,0.380952380952381,10.957575757575757,0.00919078571987962,1.559223961878829
frozenset({'paisley cake case'}),frozenset({'cake case'}),0.0347661188369153,0.02654867256637168,0.010113780025284451,0.2909090909090909,10.957575757575757,0.00919078571987962,1.3728159745858861
frozenset({'cake case vintage christmas'}),frozenset({'doily vintage christmas'}),0.0316055625790139,0.01643489254108723,0.010745891276864728,0.34,20.68769230769231,0.010226457252178026,1.4902501628165348
frozenset({'doily vintage christmas'}),frozenset({'cake case vintage christmas'}),0.01643489254108723,0.0316055625790139,0.010745891276864728,0.6538461538461539,20.68769230769231,0.010226457252178026,2.7975839303272934
frozenset({'cake case vintage christmas'}),frozenset({'paper chain christmas'}),0.0316055625790139,0.051833122629582805,0.01327433628318584,0.42000000000000004,8.102926829268293,0.011636121282250859,1.6347704782248573
frozenset({'paper chain christmas'}),frozenset({'cake case vintage christmas'}),0.051833122629582805,0.0316055625790139,0.01327433628318584,0.25609756097560976,8.102926829268293,0.011636121282250859,1.3017761289921452
frozenset({'cake case vintage christmas'}),frozenset({'paper chain vintage christmas'}),0.0316055625790139,0.039190897597977246,0.01327433628318584,0.42000000000000004,10.716774193548387,0.012035685916625245,1.6565674179345222
frozenset({'paper chain vintage christmas'}),frozenset({'cake case vintage christmas'}),0.039190897597977246,0.0316055625790139,0.01327433628318584,0.3387096774193548,10.716774193548387,0.012035685916625245,1.4644013443927104
frozenset({'cake case vintage christmas'}),frozenset({'vintage christmas napkin'}),0.0316055625790139,0.035398230088495575,0.01643489254108723,0.52,14.690000000000001,0.01531611156483895,2.0095870206489677
frozenset({'vintage christmas napkin'}),frozenset({'cake case vintage christmas'}),0.035398230088495575,0.0316055625790139,0.01643489254108723,0.46428571428571425,14.69,0.01531611156483895,1.8076696165191737
frozenset({'cake childrens apron'}),frozenset({'childrens apron design'}),0.018963337547408345,0.03350189633375474,0.010113780025284451,0.5333333333333333,15.91949685534591,0.009478472256629178,2.071067364999097
frozenset({'childrens apron design'}),frozenset({'cake childrens apron'}),0.03350189633375474,0.018963337547408345,0.010113780025284451,0.3018867924528302,15.91949685534591,0.009478472256629178,1.405268732702361
frozenset({'jam making jar'}),frozenset({'cake tin pantry design'}),0.05056890012642225,0.056890012642225034,0.01327433628318584,0.2625,4.614166666666667,0.010397470915690264,1.2787932031969829
frozenset({'cake tin pantry design'}),frozenset({'jam making jar'}),0.056890012642225034,0.05056890012642225,0.01327433628318584,0.2333333333333333,4.614166666666667,0.010397470915690264,1.238388391139449
frozenset({'cake tin pantry design'}),frozenset({'jam making printed'}),0.056890012642225034,0.04677623261694058,0.010113780025284451,0.17777777777777778,3.8006006006006006,0.007452679560351042,1.1593262035739913
frozenset({'jam making printed'}),frozenset({'cake tin pantry design'}),0.04677623261694058,0.056890012642225034,0.010113780025284451,0.21621621621621623,3.8006006006006006,0.007452679560351042,1.2032782597323335
frozenset({'cake tin pantry design'}),frozenset({'kitchen scale'}),0.056890012642225034,0.051833122629582805,0.010113780025284451,0.17777777777777778,3.429810298102981,0.007164993023601485,1.1531759319369939
frozenset({'kitchen scale'}),frozenset({'cake tin pantry design'}),0.051833122629582805,0.056890012642225034,0.010113780025284451,0.19512195121951223,3.4298102981029817,0.007164993023601485,1.1717427115657204
frozenset({'cake tin pantry design'}),frozenset({'recipe box pantry design'}),0.056890012642225034,0.029077117572692796,0.012010113780025285,0.2111111111111111,7.260386473429952,0.010355916193715328,1.2307473157529247
frozenset({'recipe box pantry design'}),frozenset({'cake tin pantry design'}),0.029077117572692796,0.056890012642225034,0.012010113780025285,0.41304347826086957,7.260386473429952,0.010355916193715328,1.6067799784613945
frozenset({'cake tin pantry design'}),frozenset({'regency cake tin'}),0.056890012642225034,0.025284450063211124,0.011378002528445006,0.19999999999999998,7.91,0.009939569844697217,1.218394437420986
frozenset({'regency cake tin'}),frozenset({'cake tin pantry design'}),0.025284450063211124,0.056890012642225034,0.011378002528445006,0.45,7.91,0.009939569844697217,1.7147454315595907
frozenset({'cake tin pantry design'}),frozenset({'regency cakestand tier'}),0.056890012642225034,0.08280657395701643,0.015170670037926675,0.26666666666666666,3.220356234096692,0.010459802998652668,1.250718308240432
frozenset({'regency cakestand tier'}),frozenset({'cake tin pantry design'}),0.08280657395701643,0.056890012642225034,0.015170670037926675,0.183206106870229,3.220356234096692,0.010459802998652668,1.1546486761109207
frozenset({'cake tin pantry design'}),frozenset({'spice tin pantry design'}),0.056890012642225034,0.02465233881163085,0.012010113780025285,0.2111111111111111,8.563532763532763,0.01060764191337119,1.2363561902387779
frozenset({'spice tin pantry design'}),frozenset({'cake tin pantry design'}),0.02465233881163085,0.056890012642225034,0.012010113780025285,0.48717948717948717,8.563532763532763,0.01060764191337119,1.8390644753476613
frozenset({'cake tin pantry design'}),frozenset({'sugar tin pantry'}),0.056890012642225034,0.011378002528445006,0.010113780025284451,0.17777777777777778,15.624691358024691,0.009466485317597946,1.2023781050329723
frozenset({'sugar tin pantry'}),frozenset({'cake tin pantry design'}),0.011378002528445006,0.056890012642225034,0.010113780025284451,0.888888888888889,15.624691358024691,0.009466485317597946,8.48798988621998
frozenset({'hanging heart tlight holder'}),frozenset({'candleholder hanging heart'}),0.10176991150442478,0.020227560050568902,0.01643489254108723,0.16149068322981364,7.983695652173911,0.014376335544790394,1.1684693543100622
frozenset({'candleholder hanging heart'}),frozenset({'hanging heart tlight holder'}),0.020227560050568902,0.10176991150442478,0.01643489254108723,0.8124999999999999,7.983695652173911,0.014376335544790394,4.790560471976398
frozenset({'child breakfast spaceboy'}),frozenset({'child breakfast dolly'}),0.012642225031605562,0.015170670037926675,0.010745891276864728,0.85,56.02916666666667,0.010554100252365023,6.565528866413821
frozenset({'child breakfast dolly'}),frozenset({'child breakfast spaceboy'}),0.015170670037926675,0.012642225031605562,0.010745891276864728,0.7083333333333334,56.029166666666676,0.010554100252365023,3.3852266570344955
frozenset({'childrens cutlery dolly'}),frozenset({'childrens cutlery spaceboy'}),0.021491782553729456,0.020859671302149177,0.01706700379266751,0.7941176470588235,38.06951871657754,0.016618692272899447,4.755824453675275
frozenset({'childrens cutlery spaceboy'}),frozenset({'childrens cutlery dolly'}),0.020859671302149177,0.021491782553729456,0.01706700379266751,0.8181818181818182,38.06951871657754,0.016618692272899447,5.381795195954489
frozenset({'gin metal sign'}),frozenset({'cook metal sign'}),0.025916561314791402,0.019595448798988623,0.010745891276864728,0.4146341463414634,21.159716758457904,0.010238044626574884,1.6748577749683942
frozenset({'cook metal sign'}),frozenset({'gin metal sign'}),0.019595448798988623,0.025916561314791402,0.010745891276864728,0.5483870967741935,21.159716758457908,0.010238044626574884,2.1568990428029617
frozenset({'heart water bottle'}),frozenset({'dog water bottle'}),0.056890012642225034,0.03729456384323641,0.015170670037926675,0.26666666666666666,7.150282485875707,0.013048981829398686,1.3127801402137684
frozenset({'dog water bottle'}),frozenset({'heart water bottle'}),0.03729456384323641,0.056890012642225034,0.015170670037926675,0.4067796610169492,7.150282485875707,0.013048981829398686,1.5898139786888208
frozenset({'water bottle'}),frozenset({'dog water bottle'}),0.054993678887484194,0.03729456384323641,0.022123893805309734,0.40229885057471265,10.78706409507111,0.020072928537066013,1.6106802489545855
frozenset({'dog water bottle'}),frozenset({'water bottle'}),0.03729456384323641,0.054993678887484194,0.022123893805309734,0.5932203389830509,10.787064095071111,0.020072928537066013,2.323140539401602
frozenset({'dog water bottle'}),frozenset({'water bottle calm'}),0.03729456384323641,0.03982300884955752,0.010113780025284451,0.27118644067796616,6.809792843691151,0.008628598279314859,1.3174521506482817
frozenset({'water bottle calm'}),frozenset({'dog water bottle'}),0.03982300884955752,0.03729456384323641,0.010113780025284451,0.253968253968254,6.809792843691151,0.008628598279314859,1.2904349463377895
frozenset({'dog water bottle'}),frozenset({'water bottle poorly'}),0.03729456384323641,0.028445006321112517,0.012642225031605562,0.3389830508474576,11.917137476459509,0.011581380927341569,1.4697883237706246
frozenset({'water bottle poorly'}),frozenset({'dog water bottle'}),0.028445006321112517,0.03729456384323641,0.012642225031605562,0.4444444444444444,11.91713747645951,0.011581380927341569,1.7328697850821744
frozenset({'spaceboy lunch box'}),frozenset({'dolly lunch box'}),0.018331226295828066,0.018331226295828066,0.012642225031605562,0.689655172413793,37.6218787158145,0.012306191174096703,3.1631549374912202
frozenset({'dolly lunch box'}),frozenset({'spaceboy lunch box'}),0.018331226295828066,0.018331226295828066,0.012642225031605562,0.689655172413793,37.6218787158145,0.012306191174096703,3.1631549374912202
frozenset({'spot drawer knob'}),frozenset({'drawer knob'}),0.01706700379266751,0.022123893805309734,0.010113780025284451,0.5925925925925927,26.78518518518519,0.009736191445800657,2.4002413515687855
frozenset({'drawer knob'}),frozenset({'spot drawer knob'}),0.022123893805309734,0.01706700379266751,0.010113780025284451,0.4571428571428572,26.78518518518519,0.009736191445800657,1.8106660456450865
frozenset({'gardener kneeling cup'}),frozenset({'gardener kneeling pad calm'}),0.020227560050568902,0.03413400758533502,0.014538558786346398,0.71875,21.056712962962965,0.013848111098147459,3.434190195252142
frozenset({'gardener kneeling pad calm'}),frozenset({'gardener kneeling cup'}),0.03413400758533502,0.020227560050568902,0.014538558786346398,0.425925925925926,21.056712962962965,0.013848111098147459,1.7067003792667512
frozenset({'hand warmer bird design'}),frozenset({'hand warmer love heart'}),0.02465233881163085,0.020227560050568902,0.010113780025284451,0.41025641025641024,20.28205128205128,0.009615123361585218,1.6613532677403395
frozenset({'hand warmer love heart'}),frozenset({'hand warmer bird design'}),0.020227560050568902,0.02465233881163085,0.010113780025284451,0.5,20.28205128205128,0.009615123361585218,1.9506953223767383
frozenset({'hand warmer bird design'}),frozenset({'hand warmer owl design'}),0.02465233881163085,0.02402022756005057,0.012642225031605562,0.5128205128205128,21.349527665317137,0.012050070243462722,2.0033269013241064
frozenset({'hand warmer owl design'}),frozenset({'hand warmer bird design'}),0.02402022756005057,0.02465233881163085,0.012642225031605562,0.5263157894736842,21.349527665317137,0.012050070243462722,2.059067284731001
frozenset({'hand warmer bird design'}),frozenset({'hand warmer retrospot'}),0.02465233881163085,0.020859671302149177,0.010113780025284451,0.41025641025641024,19.667443667443667,0.009599540340844617,1.6602814269224426
frozenset({'hand warmer retrospot'}),frozenset({'hand warmer bird design'}),0.020859671302149177,0.02465233881163085,0.010113780025284451,0.4848484848484849,19.66744366744367,0.009599540340844617,1.8933219305421283
frozenset({'hand warmer scotty dog design'}),frozenset({'hand warmer bird design'}),0.022123893805309734,0.02465233881163085,0.012010113780025285,0.5428571428571429,22.02051282051282,0.01146470805410425,2.1335730088495577
frozenset({'hand warmer bird design'}),frozenset({'hand warmer scotty dog design'}),0.02465233881163085,0.022123893805309734,0.012010113780025285,0.48717948717948717,22.02051282051282,0.01146470805410425,1.9068584070796462
frozenset({'hand warmer scotty dog design'}),frozenset({'hand warmer owl design'}),0.022123893805309734,0.02402022756005057,0.012010113780025285,0.5428571428571429,22.6,0.011478692816307352,2.1349557522123894
frozenset({'hand warmer owl design'}),frozenset({'hand warmer scotty dog design'}),0.02402022756005057,0.022123893805309734,0.012010113780025285,0.5,22.6,0.011478692816307352,1.9557522123893805
frozenset({'hand warmer scotty dog design'}),frozenset({'hand warmer union jack'}),0.022123893805309734,0.020227560050568902,0.010745891276864728,0.4857142857142857,24.0125,0.010298378886365415,1.9051130776794496
frozenset({'hand warmer union jack'}),frozenset({'hand warmer scotty dog design'}),0.020227560050568902,0.022123893805309734,0.010745891276864728,0.5312499999999999,24.012499999999996,0.010298378886365415,2.0861356932153385
frozenset({'heart chalkboard'}),frozenset({'hanging heart tlight holder'}),0.05436156763590392,0.10176991150442478,0.01643489254108723,0.3023255813953488,2.9706774519716883,0.010902520613539485,1.2874631268436578
frozenset({'hanging heart tlight holder'}),frozenset({'heart chalkboard'}),0.10176991150442478,0.05436156763590392,0.01643489254108723,0.16149068322981364,2.970677451971688,0.010902520613539485,1.1277613897082923
frozenset({'hanging heart tlight holder'}),frozenset({'heart water bottle'}),0.10176991150442478,0.056890012642225034,0.011378002528445006,0.11180124223602483,1.9652173913043476,0.005588310976360158,1.0618231326195928
frozenset({'heart water bottle'}),frozenset({'hanging heart tlight holder'}),0.056890012642225034,0.10176991150442478,0.011378002528445006,0.19999999999999998,1.9652173913043476,0.005588310976360158,1.122787610619469
frozenset({'heart wicker'}),frozenset({'hanging heart tlight holder'}),0.09734513274336283,0.10176991150442478,0.02970922882427307,0.3051948051948052,2.9988706945228683,0.019802423279594552,1.2927797535356877
frozenset({'hanging heart tlight holder'}),frozenset({'heart wicker'}),0.10176991150442478,0.09734513274336283,0.02970922882427307,0.2919254658385093,2.9988706945228683,0.019802423279594552,1.2748020493712156
frozenset({'hanging heart tlight holder'}),frozenset({'kitchen scale'}),0.10176991150442478,0.051833122629582805,0.01327433628318584,0.13043478260869565,2.5164369034994696,0.0079992839801752,1.0903919089759797
frozenset({'kitchen scale'}),frozenset({'hanging heart tlight holder'}),0.051833122629582805,0.10176991150442478,0.01327433628318584,0.25609756097560976,2.5164369034994696,0.0079992839801752,1.2074568402727404
frozenset({'party bunting'}),frozenset({'hanging heart tlight holder'}),0.06131479140328698,0.10176991150442478,0.011378002528445006,0.18556701030927836,1.8233975795607351,0.005138001633420225,1.1028901086591238
frozenset({'hanging heart tlight holder'}),frozenset({'party bunting'}),0.10176991150442478,0.06131479140328698,0.011378002528445006,0.11180124223602483,1.823397579560735,0.005138001633420225,1.0568413886997958
frozenset({'rex cashcarry shopper'}),frozenset({'hanging heart tlight holder'}),0.06637168141592921,0.10176991150442478,0.01327433628318584,0.19999999999999998,1.9652173913043476,0.00651969613908685,1.122787610619469
frozenset({'hanging heart tlight holder'}),frozenset({'rex cashcarry shopper'}),0.10176991150442478,0.06637168141592921,0.01327433628318584,0.13043478260869565,1.9652173913043476,0.00651969613908685,1.0736725663716815
frozenset({'heart chalkboard'}),frozenset({'heart wicker'}),0.05436156763590392,0.09734513274336283,0.01643489254108723,0.3023255813953488,3.105708245243129,0.011143058523432867,1.2938053097345132
frozenset({'heart wicker'}),frozenset({'heart chalkboard'}),0.09734513274336283,0.05436156763590392,0.01643489254108723,0.16883116883116883,3.105708245243129,0.011143058523432867,1.137721238938053
frozenset({'heart christmas scandinavian'}),frozenset({'heart decoration'}),0.03603034134007586,0.06005056890012642,0.01390644753476612,0.38596491228070173,6.427331486611265,0.01174280503962882,1.5307747877912228
frozenset({'heart decoration'}),frozenset({'heart christmas scandinavian'}),0.06005056890012642,0.03603034134007586,0.01390644753476612,0.23157894736842105,6.427331486611265,0.01174280503962882,1.2544810626396274
frozenset({'star christmas scandinavian'}),frozenset({'heart christmas scandinavian'}),0.032237673830594185,0.03603034134007586,0.02465233881163085,0.7647058823529412,21.223942208462333,0.023490804419504508,4.096871049304679
frozenset({'heart christmas scandinavian'}),frozenset({'star christmas scandinavian'}),0.03603034134007586,0.032237673830594185,0.02465233881163085,0.6842105263157895,21.223942208462333,0.023490804419504508,3.064580699536452
frozenset({'heart christmas scandinavian'}),frozenset({'tree christmas scandinavian'}),0.03603034134007586,0.02465233881163085,0.01643489254108723,0.4561403508771929,18.502923976608184,0.01554666035887297,1.7933811834753879
frozenset({'tree christmas scandinavian'}),frozenset({'heart christmas scandinavian'}),0.02465233881163085,0.03603034134007586,0.01643489254108723,0.6666666666666665,18.50292397660818,0.01554666035887297,2.891908975979771
frozenset({'heart wicker'}),frozenset({'heart decoration'}),0.09734513274336283,0.06005056890012642,0.01643489254108723,0.16883116883116883,2.811483253588517,0.010589261940189967,1.1308766592920354
frozenset({'heart decoration'}),frozenset({'heart wicker'}),0.06005056890012642,0.09734513274336283,0.01643489254108723,0.27368421052631575,2.8114832535885164,0.010589261940189967,1.2427856868026164
frozenset({'star christmas scandinavian'}),frozenset({'heart decoration'}),0.032237673830594185,0.06005056890012642,0.010745891276864728,0.3333333333333333,5.550877192982456,0.008810000623320829,1.4099241466498103
frozenset({'heart decoration'}),frozenset({'star christmas scandinavian'}),0.06005056890012642,0.032237673830594185,0.010745891276864728,0.17894736842105263,5.5508771929824565,0.008810000623320829,1.1786848844370967
frozenset({'wicker heart'}),frozenset({'heart decoration'}),0.03982300884955752,0.06005056890012642,0.010745891276864728,0.2698412698412698,4.493567251461988,0.008354496940134029,1.287322046941131
frozenset({'heart decoration'}),frozenset({'wicker heart'}),0.06005056890012642,0.03982300884955752,0.010745891276864728,0.17894736842105263,4.493567251461989,0.008354496940134029,1.1694463353755389
frozenset({'heart wicker'}),frozenset({'heart hanging decoration rustic'}),0.09734513274336283,0.020859671302149177,0.011378002528445006,0.11688311688311688,5.603305785123967,0.009347415056554379,1.1087324310255076
frozenset({'heart hanging decoration rustic'}),frozenset({'heart wicker'}),0.020859671302149177,0.09734513274336283,0.011378002528445006,0.5454545454545455,5.603305785123967,0.009347415056554379,1.9858407079646019
frozenset({'heart wicker'}),frozenset({'heart water bottle'}),0.09734513274336283,0.056890012642225034,0.012010113780025285,0.12337662337662339,2.1686868686868688,0.006472147947596299,1.075843985578499
frozenset({'heart water bottle'}),frozenset({'heart wicker'}),0.056890012642225034,0.09734513274336283,0.012010113780025285,0.2111111111111111,2.1686868686868688,0.006472147947596299,1.1442103951140472
frozenset({'love water bottle'}),frozenset({'heart water bottle'}),0.030973451327433628,0.056890012642225034,0.010113780025284451,0.326530612244898,5.73968253968254,0.00835169998769341,1.400375435773666
frozenset({'heart water bottle'}),frozenset({'love water bottle'}),0.056890012642225034,0.030973451327433628,0.010113780025284451,0.17777777777777778,5.73968253968254,0.00835169998769341,1.1785458024396078
frozenset({'water bottle'}),frozenset({'heart water bottle'}),0.054993678887484194,0.056890012642225034,0.020227560050568902,0.36781609195402304,6.465389527458494,0.017098968963417463,1.491828525456844
frozenset({'heart water bottle'}),frozenset({'water bottle'}),0.056890012642225034,0.054993678887484194,0.020227560050568902,0.35555555555555557,6.465389527458494,0.017098968963417463,1.4663891189676972
frozenset({'heart water bottle'}),frozenset({'water bottle calm'}),0.056890012642225034,0.03982300884955752,0.011378002528445006,0.19999999999999998,5.022222222222222,0.00911247105154224,1.200221238938053
frozenset({'water bottle calm'}),frozenset({'heart water bottle'}),0.03982300884955752,0.056890012642225034,0.011378002528445006,0.2857142857142857,5.022222222222222,0.00911247105154224,1.320353982300885
frozenset({'heart water bottle'}),frozenset({'water bottle poorly'}),0.056890012642225034,0.028445006321112517,0.010113780025284451,0.17777777777777778,6.249876543209877,0.008495543256068189,1.1816209382581064
frozenset({'water bottle poorly'}),frozenset({'heart water bottle'}),0.028445006321112517,0.056890012642225034,0.010113780025284451,0.35555555555555557,6.249876543209877,0.008495543256068189,1.4634465321068924
frozenset({'heart wicker'}),frozenset({'rex cashcarry shopper'}),0.09734513274336283,0.06637168141592921,0.014538558786346398,0.14935064935064937,2.2502164502164503,0.008077598648512582,1.0975477943660068
frozenset({'rex cashcarry shopper'}),frozenset({'heart wicker'}),0.06637168141592921,0.09734513274336283,0.014538558786346398,0.21904761904761905,2.2502164502164503,0.008077598648512582,1.1558385495359378
frozenset({'star christmas scandinavian'}),frozenset({'heart wicker'}),0.032237673830594185,0.09734513274336283,0.010113780025284451,0.3137254901960784,3.2228163992869874,0.0069755993869080254,1.3152970922882428
frozenset({'heart wicker'}),frozenset({'star christmas scandinavian'}),0.09734513274336283,0.032237673830594185,0.010113780025284451,0.1038961038961039,3.222816399286988,0.0069755993869080254,1.0799666538412211
frozenset({'heart wicker'}),frozenset({'wicker heart'}),0.09734513274336283,0.03982300884955752,0.020227560050568902,0.2077922077922078,5.217893217893218,0.01635098396786861,1.2120266937472801
frozenset({'wicker heart'}),frozenset({'heart wicker'}),0.03982300884955752,0.09734513274336283,0.020227560050568902,0.507936507936508,5.217893217893219,0.01635098396786861,1.834427633457037
frozenset({'heart wicker'}),frozenset({'wicker star'}),0.09734513274336283,0.028445006321112517,0.01706700379266751,0.17532467532467533,6.163636363636363,0.014298020876453016,1.178106055327155
frozenset({'wicker star'}),frozenset({'heart wicker'}),0.028445006321112517,0.09734513274336283,0.01706700379266751,0.6,6.163636363636363,0.014298020876453016,2.2566371681415927
frozenset({'heart wicker'}),frozenset({'zinc heart decoration'}),0.09734513274336283,0.03413400758533502,0.012010113780025285,0.12337662337662339,3.614478114478115,0.008687334280567893,1.1018026876433955
frozenset({'zinc heart decoration'}),frozenset({'heart wicker'}),0.03413400758533502,0.09734513274336283,0.012010113780025285,0.35185185185185186,3.6144781144781146,0.008687334280567893,1.3926675094816687
frozenset({'jam making jar'}),frozenset({'jam making printed'}),0.05056890012642225,0.04677623261694058,0.014538558786346398,0.28750000000000003,6.146283783783784,0.012173136150850035,1.3378579191341187
frozenset({'jam making printed'}),frozenset({'jam making jar'}),0.04677623261694058,0.05056890012642225,0.014538558786346398,0.3108108108108108,6.146283783783784,0.012173136150850035,1.3776059096204853
frozenset({'jam making jar'}),frozenset({'regency cakestand tier'}),0.05056890012642225,0.08280657395701643,0.011378002528445006,0.225,2.7171755725190843,0.007190565160201445,1.1834753884425595
frozenset({'regency cakestand tier'}),frozenset({'jam making jar'}),0.08280657395701643,0.05056890012642225,0.011378002528445006,0.13740458015267176,2.7171755725190843,0.007190565160201445,1.1006679122428202
frozenset({'kitchen scale'}),frozenset({'regency cakestand tier'}),0.051833122629582805,0.08280657395701643,0.010745891276864728,0.2073170731707317,2.5036306088251723,0.006453767974415077,1.1570747836234563
frozenset({'regency cakestand tier'}),frozenset({'kitchen scale'}),0.08280657395701643,0.051833122629582805,0.010745891276864728,0.1297709923664122,2.5036306088251723,0.006453767974415077,1.089560183644953
frozenset({'love water bottle'}),frozenset({'water bottle'}),0.030973451327433628,0.054993678887484194,0.010113780025284451,0.326530612244898,5.9376026272578,0.008410435988946445,1.4031912040761598
frozenset({'water bottle'}),frozenset({'love water bottle'}),0.054993678887484194,0.030973451327433628,0.010113780025284451,0.18390804597701152,5.9376026272578,0.008410435988946445,1.1873987286551164
frozenset({'love water bottle'}),frozenset({'water bottle calm'}),0.030973451327433628,0.03982300884955752,0.01580278128950695,0.510204081632653,12.811791383219953,0.014569325263193223,1.9603613569321532
frozenset({'water bottle calm'}),frozenset({'love water bottle'}),0.03982300884955752,0.030973451327433628,0.01580278128950695,0.3968253968253968,12.811791383219955,0.014569325263193223,1.6065440149045176
frozenset({'lunch bag car'}),frozenset({'lunch bag retrospot'}),0.03034134007585335,0.02654867256637168,0.010745891276864728,0.3541666666666667,13.340277777777779,0.009940368973965967,1.5072794747359408
frozenset({'lunch bag retrospot'}),frozenset({'lunch bag car'}),0.02654867256637168,0.03034134007585335,0.010745891276864728,0.40476190476190477,13.340277777777779,0.009940368973965967,1.6290265486725664
frozenset({'lunch bag spaceboy design'}),frozenset({'lunch bag car'}),0.03286978508217446,0.03034134007585335,0.012010113780025285,0.3653846153846154,12.04246794871795,0.011012800452626818,1.5279469792744131
frozenset({'lunch bag car'}),frozenset({'lunch bag spaceboy design'}),0.03034134007585335,0.03286978508217446,0.012010113780025285,0.39583333333333337,12.04246794871795,0.011012800452626818,1.6007672522777803
frozenset({'lunch bag car'}),frozenset({'lunch bag suki design'}),0.03034134007585335,0.025284450063211124,0.012642225031605562,0.41666666666666663,16.479166666666668,0.011875060933606742,1.670940942748781
frozenset({'lunch bag suki design'}),frozenset({'lunch bag car'}),0.025284450063211124,0.03034134007585335,0.012642225031605562,0.5,16.479166666666668,0.011875060933606742,1.9393173198482934
frozenset({'lunch bag car'}),frozenset({'lunch bag woodland'}),0.03034134007585335,0.01706700379266751,0.011378002528445006,0.375,21.97222222222222,0.010860166762295802,1.5726927939317321
frozenset({'lunch bag woodland'}),frozenset({'lunch bag car'}),0.01706700379266751,0.03034134007585335,0.011378002528445006,0.6666666666666667,21.972222222222225,0.010860166762295802,2.908975979772441
frozenset({'lunch bag spaceboy design'}),frozenset({'lunch bag dolly design'}),0.03286978508217446,0.01643489254108723,0.012010113780025285,0.3653846153846154,22.232248520710062,0.011469902394351115,1.549860169329196
frozenset({'lunch bag dolly design'}),frozenset({'lunch bag spaceboy design'}),0.01643489254108723,0.03286978508217446,0.012010113780025285,0.7307692307692308,22.232248520710062,0.011469902394351115,3.592197941123353
frozenset({'lunch bag spaceboy design'}),frozenset({'lunch bag retrospot'}),0.03286978508217446,0.02654867256637168,0.010745891276864728,0.3269230769230769,12.314102564102564,0.009873242115391069,1.4462705436156762
frozenset({'lunch bag retrospot'}),frozenset({'lunch bag spaceboy design'}),0.02654867256637168,0.03286978508217446,0.010745891276864728,0.40476190476190477,12.314102564102566,0.009873242115391069,1.624778761061947
frozenset({'lunch bag suki design'}),frozenset({'lunch bag retrospot'}),0.025284450063211124,0.02654867256637168,0.010113780025284451,0.4000000000000001,15.06666666666667,0.009442511439535483,1.6224188790560474
frozenset({'lunch bag retrospot'}),frozenset({'lunch bag suki design'}),0.02654867256637168,0.025284450063211124,0.010113780025284451,0.380952380952381,15.066666666666668,0.009442511439535483,1.5745405037440434
frozenset({'lunch bag spaceboy design'}),frozenset({'lunch bag suki design'}),0.03286978508217446,0.025284450063211124,0.01327433628318584,0.40384615384615385,15.972115384615385,0.01244324184368712,1.6350067289262264
frozenset({'lunch bag suki design'}),frozenset({'lunch bag spaceboy design'}),0.025284450063211124,0.03286978508217446,0.01327433628318584,0.525,15.972115384615387,0.01244324184368712,2.036063610353317
frozenset({'snack loaf baking case'}),frozenset({'mini loaf baking case'}),0.020859671302149177,0.02465233881163085,0.015170670037926675,0.7272727272727273,29.5011655011655,0.01465643035348684,3.5762747576906873
frozenset({'mini loaf baking case'}),frozenset({'snack loaf baking case'}),0.02465233881163085,0.020859671302149177,0.015170670037926675,0.6153846153846153,29.5011655011655,0.01465643035348684,2.545764854614412
frozenset({'time baking case'}),frozenset({'mini loaf baking case'}),0.02402022756005057,0.02465233881163085,0.01390644753476612,0.5789473684210527,23.48448043184885,0.013314292746623279,2.3164506953223767
frozenset({'mini loaf baking case'}),frozenset({'time baking case'}),0.02465233881163085,0.02402022756005057,0.01390644753476612,0.5641025641025641,23.48448043184885,0.013314292746623279,2.2390124191269427
frozenset({'monster stencil craft'}),frozenset({'stencil craft'}),0.012010113780025285,0.018331226295828066,0.010113780025284451,0.8421052631578948,45.938294010889294,0.009893619911744164,6.217235566793091
frozenset({'stencil craft'}),frozenset({'monster stencil craft'}),0.018331226295828066,0.012010113780025285,0.010113780025284451,0.5517241379310345,45.93829401088929,0.009893619911744164,2.2039774384907127
frozenset({'retrospot cake case'}),frozenset({'paisley cake case'}),0.041719342604298354,0.0347661188369153,0.014538558786346398,0.3484848484848485,10.023691460055096,0.013088139163567377,1.4815217710875255
frozenset({'paisley cake case'}),frozenset({'retrospot cake case'}),0.0347661188369153,0.041719342604298354,0.014538558786346398,0.41818181818181815,10.023691460055096,0.013088139163567377,1.6470448798988624
frozenset({'teatime fairy cake case'}),frozenset({'paisley cake case'}),0.028445006321112517,0.0347661188369153,0.010113780025284451,0.35555555555555557,10.227070707070707,0.009124857555207847,1.4977767121496144
frozenset({'paisley cake case'}),frozenset({'teatime fairy cake case'}),0.0347661188369153,0.028445006321112517,0.010113780025284451,0.2909090909090909,10.227070707070705,0.009124857555207847,1.3701416577522774
frozenset({'paper chain christmas'}),frozenset({'paper chain vintage christmas'}),0.051833122629582805,0.039190897597977246,0.021491782553729456,0.4146341463414634,10.579858379228952,0.01946039595257008,1.6413822166034553
frozenset({'paper chain vintage christmas'}),frozenset({'paper chain christmas'}),0.039190897597977246,0.051833122629582805,0.021491782553729456,0.5483870967741935,10.579858379228954,0.01946039595257008,2.099512371320209
frozenset({'vintage christmas napkin'}),frozenset({'paper chain christmas'}),0.035398230088495575,0.051833122629582805,0.01327433628318584,0.375,7.234756097560976,0.011439535482138661,1.5170670037926675
frozenset({'paper chain christmas'}),frozenset({'vintage christmas napkin'}),0.051833122629582805,0.035398230088495575,0.01327433628318584,0.25609756097560976,7.234756097560976,0.011439535482138661,1.2966777890613665
frozenset({'paper chain vintage christmas'}),frozenset({'ribbon vintage christmas'}),0.039190897597977246,0.02338811630847029,0.010113780025284451,0.25806451612903225,11.034001743679163,0.00919717875402961,1.3163029736711922
frozenset({'ribbon vintage christmas'}),frozenset({'paper chain vintage christmas'}),0.02338811630847029,0.039190897597977246,0.010113780025284451,0.43243243243243246,11.034001743679163,0.00919717875402961,1.692854132803564
frozenset({'vintage christmas napkin'}),frozenset({'paper chain vintage christmas'}),0.035398230088495575,0.039190897597977246,0.01327433628318584,0.375,9.568548387096774,0.011887047872637974,1.5372945638432365
frozenset({'paper chain vintage christmas'}),frozenset({'vintage christmas napkin'}),0.039190897597977246,0.035398230088495575,0.01327433628318584,0.3387096774193548,9.568548387096774,0.011887047872637974,1.4586660910856895
frozenset({'party bunting'}),frozenset({'regency cakestand tier'}),0.06131479140328698,0.08280657395701643,0.010113780025284451,0.16494845360824742,1.9919729283072323,0.005036512216289132,1.0983674361255482
frozenset({'regency cakestand tier'}),frozenset({'party bunting'}),0.08280657395701643,0.06131479140328698,0.010113780025284451,0.12213740458015268,1.9919729283072323,0.005036512216289132,1.0692848897927774
frozenset({'pencil tube retrospot'}),frozenset({'pencil tube skull'}),0.04108723135271808,0.0316055625790139,0.01706700379266751,0.41538461538461535,13.14276923076923,0.015768418730950754,1.6564641692727393
frozenset({'pencil tube skull'}),frozenset({'pencil tube retrospot'}),0.0316055625790139,0.04108723135271808,0.01706700379266751,0.54,13.14276923076923,0.015768418730950754,2.084592975320178
frozenset({'pencil tube retrospot'}),frozenset({'pencil tube woodland'}),0.04108723135271808,0.02718078381795196,0.010745891276864728,0.26153846153846155,9.622182468694097,0.00962910812378832,1.3173593552465233
frozenset({'pencil tube woodland'}),frozenset({'pencil tube retrospot'}),0.02718078381795196,0.04108723135271808,0.010745891276864728,0.3953488372093023,9.622182468694096,0.00962910812378832,1.585894194301274
frozenset({'picture frame'}),frozenset({'wooden frame antique'}),0.02970922882427307,0.032237673830594185,0.01643489254108723,0.5531914893617021,17.159783062161036,0.015477136112491827,2.165944253807718
frozenset({'wooden frame antique'}),frozenset({'picture frame'}),0.032237673830594185,0.02970922882427307,0.01643489254108723,0.5098039215686274,17.159783062161033,0.015477136112491827,1.9793931731984828
frozenset({'plaster tin woodland animal'}),frozenset({'plaster tin circus parade'}),0.025284450063211124,0.02465233881163085,0.011378002528445006,0.45,18.253846153846155,0.010754681698820965,1.7733593839788528
frozenset({'plaster tin circus parade'}),frozenset({'plaster tin woodland animal'}),0.02465233881163085,0.025284450063211124,0.011378002528445006,0.4615384615384615,18.253846153846155,0.010754681698820965,1.8101860213111791
frozenset({'plaster tin woodland animal'}),frozenset({'plaster tin spaceboy'}),0.025284450063211124,0.02338811630847029,0.010113780025284451,0.4000000000000001,17.102702702702704,0.00952242436641036,1.6276864728192166
frozenset({'plaster tin spaceboy'}),frozenset({'plaster tin woodland animal'}),0.02338811630847029,0.025284450063211124,0.010113780025284451,0.43243243243243246,17.102702702702704,0.00952242436641036,1.7173559689362472
frozenset({'plaster tin woodland animal'}),frozenset({'plaster tin strongman'}),0.025284450063211124,0.02402022756005057,0.010113780025284451,0.4000000000000001,16.65263157894737,0.009506441781035385,1.6266329540665827
frozenset({'plaster tin strongman'}),frozenset({'plaster tin woodland animal'}),0.02402022756005057,0.025284450063211124,0.010113780025284451,0.4210526315789474,16.65263157894737,0.009506441781035385,1.6835995862544535
frozenset({'plaster tin woodland animal'}),frozenset({'plaster tin vintage paisley'}),0.025284450063211124,0.0316055625790139,0.010113780025284451,0.4000000000000001,12.656000000000004,0.00931465075653568,1.613990729034977
frozenset({'plaster tin vintage paisley'}),frozenset({'plaster tin woodland animal'}),0.0316055625790139,0.025284450063211124,0.010113780025284451,0.32000000000000006,12.656000000000002,0.00931465075653568,1.4334052204952779
frozenset({'playhouse kitchen'}),frozenset({'playhouse bedroom'}),0.018963337547408345,0.01580278128950695,0.01327433628318584,0.7,44.296,0.01297466280740505,3.280657395701643
frozenset({'playhouse bedroom'}),frozenset({'playhouse kitchen'}),0.01580278128950695,0.018963337547408345,0.01327433628318584,0.8400000000000001,44.296,0.01297466280740505,6.131479140328701
frozenset({'playhouse livingroom'}),frozenset({'playhouse kitchen'}),0.012642225031605562,0.018963337547408345,0.010113780025284451,0.8000000000000002,42.186666666666675,0.00987404124465982,4.905183312262962
frozenset({'playhouse kitchen'}),frozenset({'playhouse livingroom'}),0.018963337547408345,0.012642225031605562,0.010113780025284451,0.5333333333333333,42.18666666666667,0.00987404124465982,2.1157666606465595
frozenset({'playing card jubilee union jack'}),frozenset({'playing card calm carry'}),0.01580278128950695,0.02402022756005057,0.012010113780025285,0.7600000000000001,31.640000000000004,0.011630527377369618,4.066582385166458
frozenset({'playing card calm carry'}),frozenset({'playing card jubilee union jack'}),0.02402022756005057,0.01580278128950695,0.012010113780025285,0.5,31.640000000000004,0.011630527377369618,1.968394437420986
frozenset({'water bottle calm'}),frozenset({'playing card calm carry'}),0.03982300884955752,0.02402022756005057,0.010113780025284451,0.253968253968254,10.57309941520468,0.009157222290592171,1.308228205610996
frozenset({'playing card calm carry'}),frozenset({'water bottle calm'}),0.02402022756005057,0.03982300884955752,0.010113780025284451,0.4210526315789474,10.573099415204679,0.009157222290592171,1.6584875301689461
frozenset({'regency cakestand tier'}),frozenset({'regency cake tin'}),0.08280657395701643,0.025284450063211124,0.012642225031605562,0.15267175572519084,6.0381679389312986,0.01054850634748378,1.1503399733488229
frozenset({'regency cake tin'}),frozenset({'regency cakestand tier'}),0.025284450063211124,0.08280657395701643,0.012642225031605562,0.5,6.038167938931298,0.01054850634748378,1.8343868520859672
frozenset({'regency teacup saucer'}),frozenset({'regency cakestand tier'}),0.04487989886219975,0.08280657395701643,0.02718078381795196,0.6056338028169014,7.313837221804107,0.0234644331536358,2.3257404731804225
frozenset({'regency cakestand tier'}),frozenset({'regency teacup saucer'}),0.08280657395701643,0.04487989886219975,0.02718078381795196,0.3282442748091603,7.313837221804106,0.0234644331536358,1.4218265141937707
frozenset({'regency teacup saucer'}),frozenset({'regency plate'}),0.04487989886219975,0.014538558786346398,0.010745891276864728,0.23943661971830985,16.46907532149418,0.010093402228931356,1.2956993023364705
frozenset({'regency plate'}),frozenset({'regency teacup saucer'}),0.014538558786346398,0.04487989886219975,0.010745891276864728,0.7391304347826086,16.46907532149418,0.010093402228931356,3.6612937210282337
frozenset({'regency teapot'}),frozenset({'regency teacup saucer'}),0.012010113780025285,0.04487989886219975,0.010113780025284451,0.8421052631578948,18.763528539659006,0.009574767333513404,6.049093973872737
frozenset({'regency teacup saucer'}),frozenset({'regency teapot'}),0.04487989886219975,0.012010113780025285,0.010113780025284451,0.22535211267605634,18.763528539659006,0.009574767333513404,1.2754051258476038
frozenset({'teatime fairy cake case'}),frozenset({'retrospot cake case'}),0.028445006321112517,0.041719342604298354,0.012010113780025285,0.4222222222222222,10.120538720538722,0.01082340681593336,1.6585626762617915
frozenset({'retrospot cake case'}),frozenset({'teatime fairy cake case'}),0.041719342604298354,0.028445006321112517,0.012010113780025285,0.2878787878787879,10.12053872053872,0.01082340681593336,1.3643112677192888
frozenset({'snack loaf baking case'}),frozenset({'time baking case'}),0.020859671302149177,0.02402022756005057,0.01390644753476612,0.6666666666666667,27.75438596491228,0.01340539348326064,2.927939317319849
frozenset({'time baking case'}),frozenset({'snack loaf baking case'}),0.02402022756005057,0.020859671302149177,0.01390644753476612,0.5789473684210527,27.754385964912284,0.01340539348326064,2.325458280657396
frozenset({'star christmas scandinavian'}),frozenset({'tree christmas scandinavian'}),0.032237673830594185,0.02465233881163085,0.019595448798988623,0.607843137254902,24.656611362493717,0.01880071474121797,2.4871365360303415
frozenset({'tree christmas scandinavian'}),frozenset({'star christmas scandinavian'}),0.02465233881163085,0.032237673830594185,0.019595448798988623,0.7948717948717948,24.656611362493713,0.01880071474121797,4.717841340075852
frozenset({'treasure island book box'}),frozenset({'treasure book box'}),0.014538558786346398,0.02338811630847029,0.010745891276864728,0.7391304347826086,31.602820211515862,0.010405861773012125,3.7436788874841964
frozenset({'treasure book box'}),frozenset({'treasure island book box'}),0.02338811630847029,0.014538558786346398,0.010745891276864728,0.45945945945945943,31.60282021151586,0.010405861773012125,1.823103666245259
frozenset({'vintage snap card'}),frozenset({'vintage head tail card game'}),0.041719342604298354,0.02718078381795196,0.015170670037926675,0.36363636363636365,13.378435517970402,0.014036705605572169,1.5287159111432183
frozenset({'vintage head tail card game'}),frozenset({'vintage snap card'}),0.02718078381795196,0.041719342604298354,0.015170670037926675,0.5581395348837209,13.378435517970402,0.014036705605572169,2.168740435158693
frozenset({'water bottle'}),frozenset({'water bottle calm'}),0.054993678887484194,0.03982300884955752,0.014538558786346398,0.26436781609195403,6.638569604086846,0.01234854502534039,1.3052405973451329
frozenset({'water bottle calm'}),frozenset({'water bottle'}),0.03982300884955752,0.054993678887484194,0.014538558786346398,0.3650793650793651,6.638569604086847,0.01234854502534039,1.4883849557522124
frozenset({'water bottle'}),frozenset({'water bottle poorly'}),0.054993678887484194,0.028445006321112517,0.01706700379266751,0.3103448275862069,10.910344827586206,0.01550270824909179,1.4087547408343868
frozenset({'water bottle poorly'}),frozenset({'water bottle'}),0.028445006321112517,0.054993678887484194,0.01706700379266751,0.6,10.910344827586208,0.01550270824909179,2.3625158027812896
frozenset({'water bottle'}),frozenset({'water bottle sympathy'}),0.054993678887484194,0.022123893805309734,0.012010113780025285,0.21839080459770116,9.871264367816092,0.01079343946835528,1.2511061946902655
frozenset({'water bottle sympathy'}),frozenset({'water bottle'}),0.022123893805309734,0.054993678887484194,0.012010113780025285,0.5428571428571429,9.871264367816094,0.01079343946835528,2.0672013274336285
frozenset({'water bottle calm'}),frozenset({'water bottle poorly'}),0.03982300884955752,0.028445006321112517,0.012010113780025285,0.3015873015873016,10.60246913580247,0.010877348041573903,1.39109010458568
frozenset({'water bottle poorly'}),frozenset({'water bottle calm'}),0.028445006321112517,0.03982300884955752,0.012010113780025285,0.4222222222222222,10.602469135802469,0.010877348041573903,1.661844792375766
frozenset({'water bottle sympathy'}),frozenset({'water bottle poorly'}),0.022123893805309734,0.028445006321112517,0.010745891276864728,0.4857142857142857,17.075555555555553,0.01011657697772507,1.8891347099311704
frozenset({'water bottle poorly'}),frozenset({'water bottle sympathy'}),0.028445006321112517,0.022123893805309734,0.010745891276864728,0.37777777777777777,17.075555555555557,0.01011657697772507,1.5715865992414664
"frozenset({'snack loaf baking case', 'cake baking case'})",frozenset({'mini loaf baking case'}),0.01390644753476612,0.02465233881163085,0.010113780025284451,0.7272727272727273,29.5011655011655,0.009770953568991228,3.5762747576906873
"frozenset({'snack loaf baking case', 'mini loaf baking case'})",frozenset({'cake baking case'}),0.015170670037926675,0.028445006321112517,0.010113780025284451,0.6666666666666667,23.43703703703704,0.009682250220160114,2.914664981036663
"frozenset({'cake baking case', 'mini loaf baking case'})",frozenset({'snack loaf baking case'}),0.01580278128950695,0.020859671302149177,0.010113780025284451,0.6400000000000001,30.68121212121213,0.009784139201925583,2.71983424638292
frozenset({'snack loaf baking case'}),"frozenset({'cake baking case', 'mini loaf baking case'})",0.020859671302149177,0.01580278128950695,0.010113780025284451,0.4848484848484849,30.68121212121213,0.009784139201925583,1.9105004833791923
frozenset({'cake baking case'}),"frozenset({'snack loaf baking case', 'mini loaf baking case'})",0.028445006321112517,0.015170670037926675,0.010113780025284451,0.35555555555555557,23.43703703703704,0.009682250220160114,1.5281834430445966
frozenset({'mini loaf baking case'}),"frozenset({'snack loaf baking case', 'cake baking case'})",0.02465233881163085,0.01390644753476612,0.010113780025284451,0.41025641025641024,29.5011655011655,0.009770953568991228,1.6720716759193095
"frozenset({'time baking case', 'cake baking case'})",frozenset({'snack loaf baking case'}),0.01327433628318584,0.020859671302149177,0.010113780025284451,0.761904761904762,36.52525252525253,0.009836881733663002,4.112389380530975
"frozenset({'snack loaf baking case', 'cake baking case'})",frozenset({'time baking case'}),0.01390644753476612,0.02402022756005057,0.010113780025284451,0.7272727272727273,30.27751196172249,0.009779743990947465,3.5785924989464815
"frozenset({'snack loaf baking case', 'time baking case'})",frozenset({'cake baking case'}),0.01390644753476612,0.028445006321112517,0.010113780025284451,0.7272727272727273,25.56767676767677,0.009718211037253809,3.562368310155921
frozenset({'cake baking case'}),"frozenset({'snack loaf baking case', 'time baking case'})",0.028445006321112517,0.01390644753476612,0.010113780025284451,0.35555555555555557,25.56767676767677,0.009718211037253809,1.5301451676184665
frozenset({'time baking case'}),"frozenset({'snack loaf baking case', 'cake baking case'})",0.02402022756005057,0.01390644753476612,0.010113780025284451,0.4210526315789474,30.27751196172249,0.009779743990947465,1.7032524997126766
frozenset({'snack loaf baking case'}),"frozenset({'time baking case', 'cake baking case'})",0.020859671302149177,0.01327433628318584,0.010113780025284451,0.4848484848484849,36.52525252525253,0.009836881733663002,1.9154086413326392
"frozenset({'water bottle', 'heart water bottle'})",frozenset({'dog water bottle'}),0.020227560050568902,0.03729456384323641,0.011378002528445006,0.5625,15.08262711864407,0.010623624498746166,2.200469568358317
"frozenset({'water bottle', 'dog water bottle'})",frozenset({'heart water bottle'}),0.022123893805309734,0.056890012642225034,0.011378002528445006,0.5142857142857143,9.040000000000001,0.010119373930165692,1.9416970327954193
"frozenset({'heart water bottle', 'dog water bottle'})",frozenset({'water bottle'}),0.015170670037926675,0.054993678887484194,0.011378002528445006,0.75,13.63793103448276,0.010543711571871289,3.7800252844500632
frozenset({'water bottle'}),"frozenset({'heart water bottle', 'dog water bottle'})",0.054993678887484194,0.015170670037926675,0.011378002528445006,0.20689655172413796,13.637931034482762,0.010543711571871289,1.241741329082614
frozenset({'heart water bottle'}),"frozenset({'water bottle', 'dog water bottle'})",0.056890012642225034,0.022123893805309734,0.011378002528445006,0.19999999999999998,9.04,0.010119373930165692,1.2223451327433628
frozenset({'dog water bottle'}),"frozenset({'water bottle', 'heart water bottle'})",0.03729456384323641,0.020227560050568902,0.011378002528445006,0.3050847457627119,15.082627118644067,0.010623624498746166,1.4099164379760107
"frozenset({'water bottle', 'dog water bottle'})",frozenset({'water bottle poorly'}),0.022123893805309734,0.028445006321112517,0.010113780025284451,0.4571428571428572,16.07111111111111,0.009484465726144793,1.789706567303214
"frozenset({'water bottle', 'water bottle poorly'})",frozenset({'dog water bottle'}),0.01706700379266751,0.03729456384323641,0.010113780025284451,0.5925925925925927,15.88951663527935,0.009477273562726055,2.363004252384784
"frozenset({'dog water bottle', 'water bottle poorly'})",frozenset({'water bottle'}),0.012642225031605562,0.054993678887484194,0.010113780025284451,0.8000000000000002,14.547126436781612,0.00941853756147302,4.725031605562583
frozenset({'water bottle'}),"frozenset({'dog water bottle', 'water bottle poorly'})",0.054993678887484194,0.012642225031605562,0.010113780025284451,0.18390804597701152,14.547126436781612,0.00941853756147302,1.2098609355246523
frozenset({'dog water bottle'}),"frozenset({'water bottle', 'water bottle poorly'})",0.03729456384323641,0.01706700379266751,0.010113780025284451,0.27118644067796616,15.889516635279351,0.009477273562726055,1.3486755064240146
frozenset({'water bottle poorly'}),"frozenset({'water bottle', 'dog water bottle'})",0.028445006321112517,0.022123893805309734,0.010113780025284451,0.35555555555555557,16.07111111111111,0.009484465726144793,1.5173939578883127
"frozenset({'star christmas scandinavian', 'heart christmas scandinavian'})",frozenset({'tree christmas scandinavian'}),0.02465233881163085,0.02465233881163085,0.01580278128950695,0.641025641025641,26.00262984878369,0.015195043480623512,2.7170399133104564
"frozenset({'star christmas scandinavian', 'tree christmas scandinavian'})",frozenset({'heart christmas scandinavian'}),0.019595448798988623,0.03603034134007586,0.01580278128950695,0.8064516129032256,22.382569326542153,0.015096750580567413,4.98050990307627
"frozenset({'heart christmas scandinavian', 'tree christmas scandinavian'})",frozenset({'star christmas scandinavian'}),0.01643489254108723,0.032237673830594185,0.01580278128950695,0.9615384615384615,29.82654600301659,0.015272958584326516,25.161820480404497
frozenset({'star christmas scandinavian'}),"frozenset({'heart christmas scandinavian', 'tree christmas scandinavian'})",0.032237673830594185,0.01643489254108723,0.01580278128950695,0.4901960784313725,29.82654600301659,0.015272958584326516,1.9293007877078672
frozenset({'heart christmas scandinavian'}),"frozenset({'star christmas scandinavian', 'tree christmas scandinavian'})",0.03603034134007586,0.019595448798988623,0.01580278128950695,0.4385964912280701,22.382569326542157,0.015096750580567413,1.7463456068268013
frozenset({'tree christmas scandinavian'}),"frozenset({'star christmas scandinavian', 'heart christmas scandinavian'})",0.02465233881163085,0.02465233881163085,0.01580278128950695,0.641025641025641,26.00262984878369,0.015195043480623512,2.7170399133104564
"frozenset({'snack loaf baking case', 'time baking case'})",frozenset({'mini loaf baking case'}),0.01390644753476612,0.02465233881163085,0.011378002528445006,0.8181818181818181,33.18881118881119,0.011035176072151784,5.364412136536028
"frozenset({'snack loaf baking case', 'mini loaf baking case'})",frozenset({'time baking case'}),0.015170670037926675,0.02402022756005057,0.011378002528445006,0.75,31.223684210526315,0.011013599581895567,3.9039190897597975
"frozenset({'time baking case', 'mini loaf baking case'})",frozenset({'snack loaf baking case'}),0.01390644753476612,0.020859671302149177,0.011378002528445006,0.8181818181818181,39.22314049586777,0.011087918603889203,5.385271807838178
frozenset({'snack loaf baking case'}),"frozenset({'time baking case', 'mini loaf baking case'})",0.020859671302149177,0.01390644753476612,0.011378002528445006,0.5454545454545455,39.223140495867774,0.011087918603889203,2.1694058154235147
frozenset({'time baking case'}),"frozenset({'snack loaf baking case', 'mini loaf baking case'})",0.02402022756005057,0.015170670037926675,0.011378002528445006,0.47368421052631576,31.223684210526315,0.011013599581895567,1.871175726927939
frozenset({'mini loaf baking case'}),"frozenset({'snack loaf baking case', 'time baking case'})",0.02465233881163085,0.01390644753476612,0.011378002528445006,0.4615384615384615,33.18881118881119,0.011035176072151784,1.8313165974354342
